#exp_cfg={"servo_angle": 0.0, "laser_lim": 100.0, "servo_angle_to": 0.0, "laser_wup": 0.0, "laser_power_measured1": 0.0, "laser_power_measured0": 0.0, "bt_dev": "", "laser_wdn_max": 0.0, "frames": 1.0, "servo_used": 0, "servo_calib_use": 0, "laser_wdn_min": 0.0, "servo_pix_from": 0.0, "laser_attenuate": 100.0, "cooler_tout": 300.0, "laser_auto": 0, "servo_angle_from": 0.0, "servo_calib": "", "laser_autoctl": 0, "servo_pix_to": 0.0, "laser_pw": 100.0, "cooler_on": 0, "laser_volt": 4.0, "laser_power": 0.0, "cooler_autoctl": 0, "cooler_curr": 70.0, "cooler_startup": 10.0, "laser_power_measured2": 0.0, "gain": 1.4999999999999996, "laser_power_ref1": 0.0, "offset": 2.5, "servo_calib_degree": 3.0, "laser_curr": 0.0, "laser_power_ref0": 0.0, "shutter": 0.0, "servo_calib_step": 2.0, "exp": 1000.0, "ccd_volt": 4.7, "bt_addr": "", "servo_delay": 500.0, "laser_autooff": 0, "laser_power_ref2": 0.0}
#proc_cfg={"yconv": 1, "base_wnd": 200.0, "sub_baseline": 0, "flatten": 0, "flatten_strength": 95.0, "xfrom": 32.0, "auto_ini_exp": 100.0, "auto_signal": 48000.0, "autoclip": 0, "auto_total_exp": 50000.0, "xrel_range": 10.0, "intensity_adj": 1.0, "xrel": 5320.0, "auto_bckg": 0, "auto_exp": 1, "rmhot": 1, "subbackg": 1, "shutter_clip_adj": 0.0, "auto_max_frame": 2000.0, "auto_off": 0, "xto": 3682.0, "auto_max_exp": 1000.0, "xconv": 3, "autobackg": 0, "xrel_adj": 0.0}
397.90859080644657 664.0
398.010949124384 600.0
398.1133028577791 664.0
398.21565200466546 600.0
398.31799656307663 744.0
398.4203365310461 632.0
398.5226719066074 760.0
398.6250026877941 808.0
398.72732887263965 648.0
398.8296504591777 648.0
398.9319674454416 872.0
399.0342798294651 840.0
399.13658760928155 792.0
399.2388907829246 744.0
399.3411893484277 760.0
399.44348330382434 632.0
399.5457726471482 776.0
399.64805737643275 632.0
399.7503374897114 616.0
399.8526129850178 776.0
399.9548838603855 840.0
400.05715011384797 744.0
400.1594117434387 712.0
400.2616687471913 824.0
400.3639211231393 712.0
400.46616886931616 648.0
400.5684119837555 568.0
400.6706504644907 640.0
400.7728843095555 712.0
400.8751135169832 840.0
400.9773380848075 760.0
401.0795580110619 632.0
401.1817732937799 760.0
401.283983930995 792.0
401.3861899207408 792.0
401.48839126105077 744.0
401.5905879499585 728.0
401.6927799854974 712.0
401.79496736570115 808.0
401.8971500886032 680.0
401.99932815223707 824.0
402.1015015546363 808.0
402.2036702938345 640.0
402.30583436786503 648.0
402.40799377476156 536.0
402.5101485125576 584.0
402.61229857928663 792.0
402.71444397298217 776.0
402.8165846916778 776.0
402.91872073340704 776.0
403.02085209620344 840.0
403.1229787781005 760.0
403.22510077713173 840.0
403.3272180913307 936.0
403.4293307187309 1064.0
403.53143865736587 968.0
403.63354190526917 968.0
403.7356404604743 1032.0
403.8377343210148 1224.0
403.9398234849242 1256.0
404.041907950236 1144.0
404.1439877149838 1064.0
404.246062777201 1160.0
404.34813313492134 1000.0
404.45019878617813 872.0
404.552259729005 856.0
404.65431596143554 840.0
404.75636748150316 840.0
404.85841428724143 776.0
404.9604563766839 616.0
405.0624937478641 488.0
405.16452639881555 616.0
405.2665543275717 736.0
405.3685775321663 856.0
405.4705960106327 904.0
405.57260976100434 1000.0
405.67461878131496 968.0
405.77662306959803 872.0
405.87862262388705 680.0
405.9806174422155 760.0
406.08260752261697 856.0
406.18459286312503 744.0
406.2865734617732 760.0
406.38854931659483 776.0
406.4905204256237 648.0
406.5924867868932 776.0
406.6944483984369 936.0
406.7964052582883 776.0
406.89835736448094 616.0
407.0003047150484 648.0
407.1022473080241 776.0
407.20418514144166 696.0
407.3061182133346 696.0
407.4080465217365 728.0
407.5099700646807 584.0
407.6118888402009 552.0
407.7138028463306 696.0
407.8157120811033 744.0
407.91761654255254 776.0
408.01951622871184 744.0
408.1214111376147 776.0
408.2233012672948 776.0
408.32518661578547 856.0
408.4270671811204 856.0
408.528942961333 760.0
408.6308139544568 872.0
408.7326801585254 712.0
408.83454157157234 720.0
408.9363981916311 728.0
409.0382500167352 648.0
409.1400970449182 632.0
409.2419392742137 792.0
409.343776702655 712.0
409.44560932827596 680.0
409.5474371491098 792.0
409.6492601631902 840.0
409.7510783685507 744.0
409.85289176322476 840.0
409.95470034524595 808.0
410.0565041126479 712.0
410.1583030634639 744.0
410.26009719572767 712.0
410.3618865074727 808.0
410.46367099673245 776.0
410.5654506615406 648.0
410.66722549993045 712.0
410.76899550993573 664.0
410.87076068958993 616.0
410.97252103692654 728.0
411.0742765499791 776.0
411.1760272267811 824.0
411.2777730653662 872.0
411.3795140637677 920.0
411.4812502200193 792.0
411.5829815321546 680.0
411.684707998207 696.0
411.78642961621 808.0
411.88814638419717 728.0
411.9898583002021 680.0
412.0915653622583 840.0
412.19326756839916 744.0
412.2949649166584 728.0
412.3966574050695 744.0
412.49834503166596 664.0
412.6000277944812 712.0
412.70170569154897 680.0
412.8033787209027 680.0
412.9050468805758 680.0
413.00671016860196 744.0
413.10836858301474 568.0
413.2100221218475 648.0
413.3116707831338 712.0
413.41331456490735 632.0
413.51495346520153 648.0
413.6165874820498 680.0
413.7182166134859 696.0
413.8198408575431 776.0
413.92146021225517 824.0
414.0230746756555 952.0
414.12468424577776 776.0
414.22628892065524 784.0
414.32788869832166 472.0
414.4294835768105 616.0
414.53107355415534 872.0
414.6326586283896 840.0
414.73423879754694 648.0
414.8358140596607 792.0
414.93738441276463 616.0
415.03894985489205 600.0
415.1405103840767 648.0
415.24206599835196 648.0
415.3436166957514 648.0
415.4451624743086 696.0
415.54670333205695 712.0
415.64823926703014 648.0
415.7497702772615 616.0
415.85129636078483 680.0
415.95281751563346 584.0
416.05433373984096 488.0
416.1558450314409 632.0
416.2573513884669 776.0
416.3588528089522 632.0
416.4603492909306 744.0
416.5618408324355 760.0
416.6633274315004 776.0
416.76480908615906 680.0
416.8662857944447 648.0
416.967757554391 648.0
417.0692243640316 648.0
417.17068622139976 600.0
417.27214312452924 872.0
417.37359507145345 904.0
417.475042060206 696.0
417.5764840888204 584.0
417.6779211553301 824.0
417.7793532577687 712.0
417.8807803941698 760.0
417.9822025625667 808.0
418.08361976099314 840.0
418.1850319874826 968.0
418.28643924006855 792.0
418.38784151678453 648.0
418.48923881566424 504.0
418.59063113474093 680.0
418.6920184720484 600.0
418.7934008256199 552.0
418.89477819348923 600.0
418.99615057368976 648.0
419.0975179642551 744.0
419.1988803632186 584.0
419.30023776861407 616.0
419.4015901784748 632.0
419.5029375908345 648.0
419.60428000372656 792.0
419.7056174151846 712.0
419.8069498232421 760.0
419.9082772259326 808.0
420.0095996212896 744.0
420.1109170073467 680.0
420.2122293821373 632.0
420.3135367436951 776.0
420.41483909005353 712.0
420.5161364192462 584.0
420.61742872930654 696.0
420.7187160182681 808.0
420.81999828416446 808.0
420.92127552502905 776.0
421.0225477388955 648.0
421.1238149237973 792.0
421.22507707776805 776.0
421.32633419884104 616.0
421.42758628505015 696.0
421.52883333442867 536.0
421.6300753450102 600.0
421.7313123148282 632.0
421.83254424191637 680.0
421.933771124308 640.0
422.03499296003685 600.0
422.1362097471363 616.0
422.2374214836399 648.0
422.3386281675813 680.0
422.4398297969939 616.0
422.5410263699112 696.0
422.6422178843668 728.0
422.74340433839427 612.0
422.8445857300271 648.0
422.9457620572988 584.0
423.0469333182429 664.0
423.1480995108929 744.0
423.24926063328246 640.0
423.350416683445 808.0
423.451567659414 616.0
423.55271355922315 664.0
423.6538543809059 712.0
423.75499012249566 536.0
423.8561207820261 728.0
423.9572463575308 824.0
424.0583668470431 648.0
424.15948224859665 712.0
424.260592560225 680.0
424.3616977799617 712.0
424.46279790584003 696.0
424.56389293589393 664.0
424.6649828681566 680.0
424.76606770066167 616.0
424.8671474314427 616.0
424.9682220585331 712.0
425.06929157996666 616.0
425.1703559937767 744.0
425.27141529799684 728.0
425.3724694906605 712.0
425.47351856980123 760.0
425.5745625334527 824.0
425.6756013796483 760.0
425.7766351064216 872.0
425.8776637118061 776.0
425.9786871938354 784.0
426.07970555054305 792.0
426.18071877996243 864.0
426.2817268801273 792.0
426.38272984907087 712.0
426.48372768482693 584.0
426.58472038542897 584.0
426.68570794891036 712.0
426.78669037330485 728.0
426.8876676566459 744.0
426.9886397969669 712.0
427.0896067923015 568.0
427.19056864068324 440.0
427.29152534014565 584.0
427.3924768887222 712.0
427.49342328444646 808.0
427.5943645253519 776.0
427.69530060947216 736.0
427.79623153484073 696.0
427.89715729949114 760.0
427.9980779014568 648.0
428.0989933387714 584.0
428.1999036094684 664.0
428.30080871158134 600.0
428.40170864314376 712.0
428.5026034021891 648.0
428.6034929867511 608.0
428.70437739486306 568.0
428.8052566245586 680.0
428.9061306738713 616.0
429.00699954083456 840.0
429.107863223482 1000.0
429.2087217198473 920.0
429.3095750279637 520.0
429.41042314586485 520.0
429.5112660715843 584.0
429.6121038031556 632.0
429.7129363386122 680.0
429.8137636759878 616.0
429.91458581331574 808.0
430.0154027486295 648.0
430.1162144799629 584.0
430.2170210053491 520.0
430.31782232282205 392.0
430.4186184304149 488.0
430.51940932616134 728.0
430.6201950080949 744.0
430.7209754742492 600.0
430.82175072265755 728.0
430.92252075135366 632.0
431.023285558371 744.0
431.12404514174307 632.0
431.2247994995034 584.0
431.3255486296856 584.0
431.42629253032317 584.0
431.52703119944954 584.0
431.62776463509834 696.0
431.72849283530314 792.0
431.8292157980974 648.0
431.9299335215145 552.0
432.0306460035883 712.0
432.1313532423521 744.0
432.23205523583937 680.0
432.33275198208395 744.0
432.433443479119 808.0
432.53412972497824 792.0
432.6348107176953 776.0
432.73548645530343 760.0
432.8361569358364 744.0
432.9368221573277 648.0
433.0374821178108 664.0
433.13813681531917 552.0
433.2387862478865 648.0
433.33943041354615 584.0
433.44006931033175 664.0
433.54070293627683 744.0
433.64133128941495 808.0
433.74195436777956 584.0
433.84257216940415 792.0
433.9431846923224 584.0
434.0437919345677 648.0
434.14439389417373 520.0
434.24499056917386 648.0
434.3455819576017 568.0
434.44616805749075 728.0
434.5467488668746 696.0
434.64732438378667 632.0
434.7478946062606 568.0
434.8484595323299 616.0
434.949019160028 624.0
435.0495734873886 632.0
435.1501225124451 648.0
435.250666233231 744.0
435.3512046477799 712.0
435.4517377541253 808.0
435.55226555030083 776.0
435.65278803433995 616.0
435.75330520427616 760.0
435.8538170581429 616.0
435.9543235939739 616.0
436.05482480980265 808.0
436.15532070366254 752.0
436.2558112735872 696.0
436.3562965176101 624.0
436.45677643376484 696.0
436.557251020085 744.0
436.657720274604 728.0
436.75818419535534 712.0
436.85864278037263 712.0
436.95909602768944 728.0
437.0595439353391 792.0
437.15998650135543 632.0
437.2604237237718 656.0
437.3608556006217 744.0
437.46128212993864 728.0
437.5617033097563 824.0
437.6621191381081 856.0
437.7625296130276 616.0
437.8629347325483 440.0
437.96333449470376 616.0
438.06372889752754 744.0
438.1641179390531 840.0
438.26450161731407 744.0
438.3648799303438 584.0
438.46525287617607 472.0
438.5656204528441 696.0
438.66598265838167 808.0
438.76633949082225 872.0
438.86669094819933 808.0
438.9670370285465 808.0
439.0673777298972 808.0
439.167713050285 872.0
439.2680429877434 560.0
439.368367540306 780.0
439.46868670600634 600.0
439.5690004828778 808.0
439.6693088689541 840.0
439.7696118622686 760.0
439.86990946085496 664.0
439.9702016627467 840.0
440.0704884659773 840.0
440.1707698685803 784.0
440.2710458685891 728.0
440.3713164640375 744.0
440.4715816529589 824.0
440.57184143338674 792.0
440.6720958033546 680.0
440.7723447608961 656.0
440.8725883040447 632.0
440.9728264308339 712.0
441.0730591392973 744.0
441.1732864274683 872.0
441.27350829338064 824.0
441.37372473506764 808.0
441.47393575056304 696.0
441.5741413379002 840.0
441.6743414951126 792.0
441.7745362202339 752.0
441.8747255112977 712.0
441.97490936633733 696.0
442.0750877833865 664.0
442.17526076047864 632.0
442.2754282956472 744.0
442.37559038692586 632.0
442.4757470323481 680.0
442.5758982299474 768.0
442.6760439777574 688.0
442.77618427381157 776.0
442.87631911614335 760.0
442.9764485027864 472.0
443.0765724317742 584.0
443.1766909011402 776.0
443.27680390891817 888.0
443.37691145314136 792.0
443.47701353184345 696.0
443.57711014305795 840.0
443.67720128481835 744.0
443.77728695515816 776.0
443.87736715211105 808.0
443.97744187371035 680.0
444.0775111179898 680.0
444.17757488298275 616.0
444.2776331667228 712.0
444.37768596724356 712.0
444.47773328257847 648.0
444.5777751107609 808.0
444.67781144982473 904.0
444.77784229780326 824.0
444.87786765273006 856.0
444.9778875126387 664.0
445.0779018755626 600.0
445.1779107395354 536.0
445.2779141025906 616.0
445.37791196276174 696.0
445.4779043180823 760.0
445.57789116658586 616.0
445.677872506306 664.0
445.777848335276 664.0
445.87781865152976 744.0
445.9777834531005 632.0
446.077742738022 504.0
446.17769650432757 536.0
446.2776447500508 584.0
446.37758747322533 600.0
446.47752467188445 696.0
446.577456344062 696.0
446.6773824877913 616.0
446.777303101106 632.0
446.8772181820394 776.0
446.9771277286254 776.0
447.07703173889723 776.0
447.17693021088843 832.0
447.27682314263274 888.0
447.37671053216343 904.0
447.4765923775143 888.0
447.57646867671866 712.0
447.67633942781015 776.0
447.77620462882226 872.0
447.87606427778854 712.0
447.9759183727425 680.0
448.0757669117176 752.0
448.1756098927475 616.0
448.2754473138657 648.0
448.3752791731057 632.0
448.47510546850106 728.0
448.5749261980853 648.0
448.67474135989175 712.0
448.7745509519544 616.0
448.87435497230626 648.0
448.97415341898125 744.0
449.07394629001266 840.0
449.1737335834341 744.0
449.2735152972791 584.0
449.37329142958134 616.0
449.47306197837406 616.0
449.572826941691 680.0
449.67258631756556 712.0
449.77234010403146 760.0
449.8720882991221 632.0
449.97183090087094 504.0
450.07156790731153 584.0
450.17129931647753 568.0
450.2710251264023 648.0
450.3707453351196 728.0
450.47045994066275 808.0
450.5701689410654 792.0
450.66987233436095 840.0
450.76957011858303 936.0
450.86926229176515 744.0
450.96894885194087 840.0
451.0686297971436 808.0
451.1683051254071 712.0
451.2679748347647 648.0
451.3676389232499 664.0
451.4672973888963 648.0
451.56695022973753 552.0
451.66659744380706 584.0
451.7662390291383 696.0
451.8658749837649 680.0
451.9655053057204 664.0
452.06512999303834 584.0
452.16474904375207 600.0
452.2643624558953 616.0
452.3639702275015 528.0
452.46357235660423 440.0
452.563168841237 504.0
452.6627596794333 576.0
452.76234486922675 648.0
452.8619244086508 760.0
452.961498295739 552.0
453.06106652852486 392.0
453.16062910504195 696.0
453.2601860233238 776.0
453.3597372814039 744.0
453.4592828773158 712.0
453.558822809093 760.0
453.65835707476907 568.0
453.7578856723776 616.0
453.85740859995195 792.0
453.9569258555258 872.0
454.0564374371326 744.0
454.1559433428059 696.0
454.25544357057936 584.0
454.3549381184863 616.0
454.45442698456026 616.0
454.5539101668349 744.0
454.6533876633437 760.0
454.7528594721201 648.0
454.8523255911979 648.0
454.9517860186103 744.0
455.051240752391 768.0
455.1506897905735 760.0
455.2501331311913 616.0
455.349570772278 696.0
455.4490027118671 624.0
455.548428947992 744.0
455.64784947868645 840.0
455.7472643019839 840.0
455.84667341591773 888.0
455.94607681852176 816.0
456.0454745078292 744.0
456.14486648187386 824.0
456.2442527386891 776.0
456.3436332763084 712.0
456.44300809276547 664.0
456.54237718609374 712.0
456.64174055432676 744.0
456.741098195498 552.0
456.8404501076411 360.0
456.9397962887895 584.0
457.03913673697673 648.0
457.13847145023635 776.0
457.2378004266019 776.0
457.3371236641069 744.0
457.43644116078485 664.0
457.53575291466933 728.0
457.6350589237938 648.0
457.73435918619197 616.0
457.83365369989707 680.0
457.9329424629429 680.0
458.0322254733628 952.0
458.1315027291904 904.0
458.23077422845915 744.0
458.3300399692028 648.0
458.4292999494546 792.0
458.5285541672482 648.0
458.62780262061716 840.0
458.72704530759495 696.0
458.82628222621514 744.0
458.92551337451124 584.0
459.02473875051675 568.0
459.1239583522653 552.0
459.2231721777903 648.0
459.3223802251253 648.0
459.42158249230397 696.0
459.5207789773596 696.0
459.6199696783259 696.0
459.71915459323634 712.0
459.81833372012454 680.0
459.9175070570239 696.0
460.01667460196796 840.0
460.1158363529903 840.0
460.2149923081244 888.0
460.3141424654039 728.0
460.41328682286223 808.0
460.51242537853295 696.0
460.6115581304495 800.0
460.7106850766457 844.0
460.80980621515465 888.0
460.9089215440102 904.0
461.0080310612458 840.0
461.1071347648949 696.0
461.2062326529911 672.0
461.3053247235679 584.0
461.4044109746589 616.0
461.5034914042975 648.0
461.6025660105174 616.0
461.701634791352 648.0
461.8006977448348 696.0
461.8997548689995 672.0
461.9988061618795 648.0
462.0978516215083 552.0
462.1968912459195 632.0
462.2959250331466 656.0
462.3949529812232 680.0
462.49397508818276 792.0
462.59299135205873 744.0
462.69200177088476 720.0
462.79100634269435 696.0
462.8900050655211 648.0
462.9889979373984 648.0
463.08798495635983 664.0
463.186966120439 664.0
463.28594142766934 752.0
463.38491087608446 648.0
463.4838744637178 728.0
463.5828321886029 672.0
463.68178404877335 616.0
463.7807300422627 664.0
463.87967016710434 616.0
463.97860442133197 712.0
464.077532802979 680.0
464.176455310079 680.0
464.27537194066554 680.0
464.37428269277206 744.0
464.4731875644321 904.0
464.5720865536793 968.0
464.6709796585471 840.0
464.76986687706903 792.0
464.8687482072786 768.0
464.96762364720945 744.0
465.066493194895 632.0
465.16535684836873 776.0
465.26421460566434 728.0
465.36306646481523 792.0
465.46191242385504 728.0
465.56075248081714 1512.0
465.6595866337352 1304.0
465.7584148806427 712.0
465.8572372195732 536.0
465.9560536485601 648.0
466.05486416563707 584.0
466.15366876883763 584.0
466.25246745619523 504.0
466.3512602257435 528.0
466.4500470755159 552.0
466.5488280035459 712.0
466.6476030078672 744.0
466.7463720865132 664.0
466.8451352375174 688.0
466.9438924589134 712.0
467.0426437487348 648.0
467.141389105015 680.0
467.2401285257876 696.0
467.3388620090861 776.0
467.43758955294396 696.0
467.5363111553949 720.0
467.63502681447227 744.0
467.73373652820976 664.0
467.83244029464066 792.0
467.93113811179865 712.0
468.0298299777173 808.0
468.1285158904301 760.0
468.2271958479706 672.0
468.32586984837224 584.0
468.42453788966867 552.0
468.52319996989337 584.0
468.6218560870798 648.0
468.7205062392616 712.0
468.8191504244722 824.0
468.91778864074524 776.0
469.0164208861141 456.0
469.11504715861247 552.0
469.21366745627375 808.0
469.31228177713155 776.0
469.4108901192193 736.0
469.50949248057066 696.0
469.60808885921915 664.0
469.7066792531982 720.0
469.80526366054147 776.0
469.9038420792823 680.0
470.0024145074543 680.0
470.10098094309114 744.0
470.1995413842263 648.0
470.2980958288931 744.0
470.39664427512525 744.0
470.49518672095627 808.0
470.59372316441966 888.0
470.6922536035489 808.0
470.7907780363777 728.0
470.88929646093936 656.0
470.98780887526755 584.0
471.0863152773957 680.0
471.18481566535746 552.0
471.2833100371863 648.0
471.38179839091583 664.0
471.48028072457936 616.0
471.57875703621056 584.0
471.6772273238431 728.0
471.77569158551023 600.0
471.87414981924564 728.0
471.9726020230829 632.0
472.0710481950555 680.0
472.16948833319674 744.0
472.2679224355405 776.0
472.3663505001202 760.0
472.46477252496936 648.0
472.5631885081213 552.0
472.6615984476099 552.0
472.7600023414685 584.0
472.8584001877306 656.0
472.95679198442974 728.0
473.05517772959956 808.0
473.1535574212735 696.0
473.25193105748514 568.0
473.35029863626795 584.0
473.4486601556555 552.0
473.5470156136813 632.0
473.64536500837886 744.0
473.74370833778175 744.0
473.8420455999234 776.0
473.9403767928376 808.0
474.0387019145575 696.0
474.137020963117 584.0
474.2353339365494 536.0
474.33364083288825 616.0
474.43194165016723 600.0
474.53023638641963 584.0
474.6285250396792 696.0
474.7268076079793 520.0
474.82508408935354 552.0
474.9233544818355 520.0
475.0216187834587 584.0
475.11987699225654 648.0
475.21812910626267 616.0
475.3163751235106 584.0
475.4146150420338 584.0
475.51284885986587 584.0
475.6110765750403 648.0
475.7092981855906 648.0
475.8075136895503 824.0
475.90572308495314 808.0
476.00392636983236 584.0
476.1021235422215 552.0
476.20031460015423 680.0
476.2984995416641 552.0
476.3966783647846 712.0
476.4948510675492 680.0
476.5930176479915 600.0
476.6911781041449 688.0
476.7893324340431 520.0
476.8874806357195 600.0
476.98562270720765 712.0
477.08375864654124 824.0
477.18188845175354 680.0
477.28001212087827 664.0
477.378129651949 648.0
477.47624104299905 552.0
477.574346292062 568.0
477.6724453971716 696.0
477.77053835636104 648.0
477.86862516766416 648.0
477.9667058291143 632.0
478.064780338745 680.0
478.16284869458997 592.0
478.26091089468247 744.0
478.35896693705615 792.0
478.4570168197447 872.0
478.5550605407814 712.0
478.6530980981999 648.0
478.7511294900337 600.0
478.84915471431634 584.0
478.94717376908136 568.0
479.0451866523623 520.0
479.1431933621926 680.0
479.2411938966059 680.0
479.3391882536356 712.0
479.4371764313155 744.0
479.5351584276788 600.0
479.6331342407592 536.0
479.73110386859025 496.0
479.8290673092054 456.0
479.92702456063824 664.0
480.0249756209222 520.0
480.1229204880909 712.0
480.22085916017795 600.0
480.3187916352167 688.0
480.4167179112408 776.0
480.5146379862837 728.0
480.612551858379 792.0
480.71045952556017 744.0
480.8083609858607 720.0
480.9062562373143 696.0
481.0041452779543 600.0
481.1020281058143 536.0
481.199904718928 536.0
481.29777511532865 664.0
481.39563929304984 808.0
481.49349725012524 728.0
481.5913489845883 536.0
481.6891944944726 600.0
481.7870337778116 672.0
481.8848668326388 744.0
481.9826936569878 760.0
482.0805142488921 648.0
482.17832860638526 696.0
482.2761367275008 744.0
482.37393861027215 712.0
482.47173425273303 680.0
482.5695236529168 552.0
482.667306808857 552.0
482.76508371858733 600.0
482.8628543801412 712.0
482.96061879155206 680.0
483.0583769508536 648.0
483.15612885607925 712.0
483.2538745052625 632.0
483.351613896437 712.0
483.44934702763624 712.0
483.54707389689366 664.0
483.6447945022428 600.0
483.7425088417173 680.0
483.84021691335073 664.0
483.9379187151764 872.0
484.03561424522803 840.0
484.1333035015391 792.0
484.23098648214307 744.0
484.3286631850736 808.0
484.4263336083641 832.0
484.5239977500481 856.0
484.6216556081592 808.0
484.7193071807309 720.0
484.81695246579676 632.0
484.9145914613902 808.0
485.0122241655449 680.0
485.1098505762943 768.0
485.20747069167203 600.0
485.3050845097114 680.0
485.4026920284461 776.0
485.5002932459097 680.0
485.5978881601356 680.0
485.6954767691574 576.0
485.7930590710086 472.0
485.89063506372287 552.0
485.9882047453335 624.0
486.0857681138742 568.0
486.18332516737837 552.0
486.2808759038797 808.0
486.3784203214116 808.0
486.47595841800756 744.0
486.57349019170124 744.0
486.6710156405261 744.0
486.76853476251574 808.0
486.8660475557035 728.0
486.9635540181231 744.0
487.061054147808 552.0
487.15854794279176 440.0
487.25603540110785 528.0
487.3535165207898 616.0
487.4509912998712 728.0
487.54845973638555 776.0
487.6459218283664 808.0
487.7433775738473 584.0
487.8408269708616 616.0
487.93827001744313 712.0
488.03570671162515 584.0
488.1331370514414 584.0
488.2305610349252 584.0
488.32797866011015 632.0
488.42538992502995 424.0
488.5227948277179 664.0
488.6201933662076 472.0
488.7175855385327 696.0
488.8149713427266 808.0
488.91235077682285 712.0
489.00972383885494 800.0
489.1070905268565 728.0
489.20445083886096 712.0
489.30180477290196 664.0
489.399152327013 584.0
489.4964934992275 744.0
489.5938282875791 648.0
489.69115669010125 648.0
489.7884787048276 648.0
489.88579432979157 600.0
489.9831035630267 440.0
490.0804064025666 552.0
490.1777028464447 760.0
490.2749928926945 744.0
490.3722765393498 664.0
490.4695537844438 576.0
490.5668246260101 728.0
490.6640890620823 648.0
490.76134709069413 568.0
490.8585987098787 728.0
490.95584391766977 664.0
491.0530827121009 616.0
491.1503150912055 696.0
491.24754105301724 776.0
491.34476059556954 776.0
491.441973716896 776.0
491.5391804150301 840.0
491.6363806880054 840.0
491.73357453385535 744.0
491.8307619506136 696.0
491.9279429363135 520.0
492.0251174889889 456.0
492.1222856066729 808.0
492.2194472873995 808.0
492.3166025292018 984.0
492.4137513301136 856.0
492.51089368816827 584.0
492.60802960139955 600.0
492.7051590678408 680.0
492.80228208552546 584.0
492.89939865248726 568.0
492.9965087667597 808.0
493.09361242637624 760.0
493.1907096293704 600.0
493.2878003737757 552.0
493.38488465762583 600.0
493.48196247895413 648.0
493.5790338357941 520.0
493.6760987261796 648.0
493.77315714814375 680.0
493.87020909972034 664.0
493.9672545789428 632.0
494.0642935838447 600.0
494.1613261124595 584.0
494.25835216282076 552.0
494.355371732962 584.0
494.4523848209168 520.0
494.5493914247187 632.0
494.6463915424012 712.0
494.7433851719978 648.0
494.84037231154207 584.0
494.9373529590674 648.0
495.03432711260757 648.0
495.131294770196 744.0
495.2282559298661 872.0
495.3252105896516 888.0
495.42215874758585 632.0
495.5191004017024 520.0
495.61603555003495 616.0
495.7129641906169 648.0
495.8098863214817 536.0
495.90680194066306 584.0
496.00371104619444 584.0
496.1006136361093 760.0
496.19750970844126 712.0
496.29439926122376 680.0
496.3912822924905 616.0
496.4881588002747 536.0
496.58502878261015 552.0
496.68189223753035 680.0
496.7787491630688 648.0
496.875599557259 792.0
496.9724434181345 704.0
497.0692807437288 616.0
497.16611153207543 520.0
497.26293578120806 504.0
497.35975348915997 776.0
497.45656465396485 824.0
497.55336927365624 760.0
497.6501673462676 696.0
497.74695886983244 632.0
497.84374384238447 648.0
497.94052226195697 680.0
498.0372941265838 736.0
498.1340594342981 792.0
498.23081818313347 712.0
498.32757037112367 584.0
498.4243159963022 744.0
498.52105505670244 688.0
498.61778755035795 632.0
498.71451347530217 520.0
498.8112328295689 584.0
498.90794561119145 904.0
499.00465181820346 744.0
499.10135144863835 752.0
499.1980445005298 760.0
499.2947309719111 856.0
499.3914108608161 808.0
499.4880841652781 680.0
499.5847508833306 648.0
499.6814110130073 760.0
499.77806455234156 872.0
499.8747114993671 680.0
499.9713518521174 536.0
500.0679856086257 472.0
500.164612766926 536.0
500.2612333250515 600.0
500.3578472810358 776.0
500.45445463291253 648.0
500.55105537871503 648.0
500.64764951647703 680.0
500.7442370442319 712.0
500.8408179600133 696.0
500.9373922618546 744.0
501.0339599477896 792.0
501.1305210158515 744.0
501.2270754640741 784.0
501.32362329049073 824.0
501.4201644931351 696.0
501.51669907004054 728.0
501.61322701924075 760.0
501.70974833876915 712.0
501.80626302665934 840.0
501.9027710809449 744.0
501.9992724996591 680.0
502.09576728083573 760.0
502.1922554225083 712.0
502.28873692271026 600.0
502.3852117794751 648.0
502.48167999083654 744.0
502.5781415548278 664.0
502.6745964694827 672.0
502.77104473283464 680.0
502.8674863429172 584.0
502.96392129776376 584.0
503.060349595408 840.0
503.1567712338835 648.0
503.2531862112237 840.0
503.349594525462 776.0
503.44599617463217 808.0
503.54239115676756 776.0
503.63877946990186 744.0
503.73516111206845 744.0
503.83153608130095 808.0
503.9279043756328 872.0
504.02426599309763 872.0
504.120620931729 824.0
504.21696918956025 896.0
504.31331076462504 856.0
504.409645654957 840.0
504.50597385858936 832.0
504.602295373556 824.0
504.69861019789016 760.0
504.7949183296256 648.0
504.89121976679564 744.0
504.98751450743396 776.0
505.083802549574 968.0
505.18008389124935 1000.0
505.2763585304936 968.0
505.3726264653401 776.0
505.4688876938226 760.0
505.56514221397435 888.0
505.66139002382914 808.0
505.75763112142033 680.0
505.85386550478154 744.0
505.95009317194626 840.0
506.04631412094807 888.0
506.14252834982045 1032.0
506.2387358565969 840.0
506.334936639311 680.0
506.4311306959964 792.0
506.52731802468634 904.0
506.62349862341455 1000.0
506.7196724902145 984.0
506.81583962311987 712.0
506.91200002016393 536.0
507.00815367938037 840.0
507.10430059880275 808.0
507.20044077646446 904.0
507.2965742103991 1032.0
507.3927008986402 936.0
507.4888208392214 792.0
507.584934030176 1016.0
507.68104046953766 936.0
507.7771401553399 776.0
507.8732330856163 872.0
507.96931925840033 808.0
508.0653986717255 904.0
508.1614713236255 808.0
508.2575372121335 872.0
508.35359633528344 928.0
508.4496486911086 984.0
508.54569427764255 968.0
508.6417330929189 944.0
508.737765134971 920.0
508.83379040183274 936.0
508.9298088915372 984.0
509.02582060211824 920.0
509.12182553160926 808.0
509.2178236780437 640.0
509.31381503945533 840.0
509.40979961387745 1048.0
509.5057773993438 1256.0
509.60174839388765 968.0
509.6977125955427 840.0
509.79367000234254 928.0
509.8896206123205 1016.0
509.9855644235102 1032.0
510.0815014339452 1000.0
510.17743164165915 1064.0
510.2733550446853 808.0
510.36927164105737 824.0
510.46518142880876 1016.0
510.5610844059732 904.0
510.6569805705841 1032.0
510.7528699206749 1032.0
510.8487524542793 936.0
510.9446281694307 824.0
511.0404970641627 808.0
511.1363591365089 936.0
511.2322143845025 968.0
511.3280628061775 1000.0
511.42390439956705 856.0
511.5197391627049 1016.0
511.6155670936246 1064.0
511.7113881903594 1168.0
511.80720245094307 920.0
511.90300987340913 1064.0
511.99881045579104 1000.0
512.0946041961224 1032.0
512.1903910924366 1064.0
512.2861711427673 1096.0
512.381944345148 936.0
512.4777106976122 904.0
512.5734701981935 1032.0
512.6692228449253 1256.0
512.7649686358412 1128.0
512.8607075689748 1160.0
512.9564396423596 1088.0
513.052164854029 1080.0
513.1478832020166 1080.0
513.243594684356 1176.0
513.3392992990808 1192.0
513.4349970442242 1016.0
513.5306879178202 1032.0
513.6263719179018 1000.0
513.722049042503 976.0
513.817719289657 952.0
513.9133826573976 936.0
514.0090391437581 904.0
514.1046887467721 1016.0
514.2003314644732 952.0
514.2959672948948 1088.0
514.3915962360705 976.0
514.4872182860339 1128.0
514.5828334428185 1112.0
514.6784417044577 1064.0
514.7740430689852 1080.0
514.8696375344344 1096.0
514.9652250988389 1176.0
515.0608057602323 968.0
515.1563795166478 936.0
515.2519463661195 1272.0
515.3475063066803 1320.0
515.4430593363642 1032.0
515.5386054532045 1000.0
515.6341446552348 936.0
515.7296769404886 888.0
515.8252023069994 1192.0
515.9207207528009 1192.0
516.0162322759264 1016.0
516.1117368744096 1224.0
516.2072345462839 1064.0
516.3027252895829 1016.0
516.3982091023402 1128.0
516.4936859825891 1112.0
516.5891559283634 1032.0
516.6846189376965 1020.0
516.7800750086219 1008.0
516.8755241391733 1032.0
516.970966327384 1160.0
517.0664015712875 1192.0
517.1618298689176 1016.0
517.2572512183077 1128.0
517.3526656174913 1032.0
517.448073064502 1192.0
517.5434735573732 1064.0
517.6388670941385 1032.0
517.7342536728313 1016.0
517.8296332914855 1224.0
517.9250059481343 1192.0
518.0203716408112 1128.0
518.11573036755 1000.0
518.2110821263841 936.0
518.3064269153468 1160.0
518.4017647324721 1048.0
518.4970955757932 1016.0
518.5924194433435 952.0
518.687736333157 1144.0
518.7830462432668 1176.0
518.8783491717065 1096.0
518.9736451165099 1080.0
519.0689340757102 1032.0
519.1642160473413 1064.0
519.2594910294363 1056.0
519.354759020029 1064.0
519.4500200171527 904.0
519.5452740188414 968.0
519.640521023128 888.0
519.7357610280466 1176.0
519.8309940316303 1096.0
519.9262200319129 1160.0
520.0214390269277 1112.0
520.1166510147086 1080.0
520.2118559932887 1000.0
520.3070539607019 1160.0
520.4022449149813 1032.0
520.497428854161 856.0
520.592605776274 1064.0
520.6877756793541 1000.0
520.7829385614348 1016.0
520.8780944205495 1040.0
520.9732432547319 1064.0
521.0683850620155 920.0
521.1635198404338 1176.0
521.2586475880202 1128.0
521.3537683028084 1160.0
521.4488819828318 1288.0
521.5439886261241 1192.0
521.6390882307188 1160.0
521.7341807946493 1080.0
521.8292663159492 1048.0
521.9243447926519 936.0
522.0194162227912 1024.0
522.1144806044005 1112.0
522.2095379355133 1144.0
522.304588214163 1128.0
522.3996314383834 1032.0
522.4946676062078 1080.0
522.5896967156699 1128.0
522.6847187648032 1096.0
522.7797337516411 1120.0
522.8747416742173 1096.0
522.9697425305651 1160.0
523.0647363187184 1240.0
523.1597230367104 1064.0
523.2547026825747 1032.0
523.3496752543448 920.0
523.4446407500543 1144.0
523.5395991677369 1000.0
523.6345505054258 1160.0
523.7294947611547 1240.0
523.8244319329572 1160.0
523.9193620188667 1000.0
524.0142850169167 1080.0
524.1092009251408 1064.0
524.2041097415726 1112.0
524.2990114642455 1080.0
524.3939060911931 1080.0
524.488793620449 1224.0
524.5836740500465 1064.0
524.6785473780194 1064.0
524.773413602401 1096.0
524.868272721225 1224.0
524.9631247325249 1176.0
525.0579696343341 1304.0
525.1528074246862 1000.0
525.2476381016148 1016.0
525.3424616631535 1016.0
525.4372781073355 1192.0
525.5320874321947 1128.0
525.6268896357644 1192.0
525.7216847160781 1064.0
525.8164726711695 952.0
525.9112534990721 1016.0
526.0060271978193 1224.0
526.1007937654449 1096.0
526.1955531999821 1032.0
526.2903054994646 1256.0
526.3850506619258 1080.0
526.4797886853995 1000.0
526.574519567919 1096.0
526.669243307518 952.0
526.7639599022297 968.0
526.8586693500879 1064.0
526.9533716491261 936.0
527.0480667973778 1064.0
527.1427547928766 1224.0
527.2374356336559 1176.0
527.3321093177494 1128.0
527.4267758431904 984.0
527.5214352080127 1032.0
527.6160874102495 1128.0
527.7107324479346 936.0
527.8053703191015 1064.0
527.9000010217835 1192.0
527.9946245540144 1160.0
528.0892409138278 1304.0
528.1838500992568 1144.0
528.2784521083353 1128.0
528.3730469390968 1256.0
528.4676345895746 1272.0
528.5622150578024 1048.0
528.6567883418138 872.0
528.7513544396422 1000.0
528.8459133493211 1128.0
528.9404650688841 1096.0
529.0350095963647 1080.0
529.1295469297966 1144.0
529.2240770672131 1080.0
529.3186000066478 1256.0
529.4131157461343 1176.0
529.507624283706 1064.0
529.6021256173965 1064.0
529.6966197452393 936.0
529.791106665268 1080.0
529.8855863755161 1112.0
529.9800588740171 1016.0
530.0745241588046 1088.0
530.168982227912 1160.0
530.2634330793729 1000.0
530.357876711221 1304.0
530.4523131214895 1288.0
530.5467423082121 1192.0
530.6411642694223 1168.0
530.7355790031537 1144.0
530.8299865074398 952.0
530.9243867803141 1160.0
531.0187798198101 1096.0
531.1131656239615 904.0
531.2075441908016 888.0
531.301915518364 1016.0
531.3962796046823 1064.0
531.4906364477899 1192.0
531.5849860457205 1224.0
531.6793283965076 1144.0
531.7736634981845 1192.0
531.8679913487852 968.0
531.9623119463425 952.0
532.0566252888907 984.0
532.150931374463 1032.0
532.2452302010927 1032.0
532.3395217668137 1080.0
532.4338060696593 1160.0
532.5280831076632 1048.0
532.6223528788588 936.0
532.7166153812797 936.0
532.8108706129593 1080.0
532.9051185719312 1192.0
532.9993592562291 1000.0
533.0935926638863 1040.0
533.1878187929365 1160.0
533.2820376414131 968.0
533.3762492073496 968.0
533.4704534887796 1000.0
533.5646504837367 1192.0
533.6588401902543 1256.0
533.7530226063661 1048.0
533.8471977301054 1016.0
533.941365559506 920.0
534.0355260926011 1144.0
534.1296793274246 1112.0
534.2238252620097 1064.0
534.31796389439 1128.0
534.4120952225992 1064.0
534.5062192446708 1096.0
534.6003359586382 1128.0
534.6944453625349 1192.0
534.7885474543946 1032.0
534.8826422322506 904.0
534.9767296941368 1128.0
535.0708098380863 1064.0
535.1648826621329 1128.0
535.2589481643101 1160.0
535.3530063426514 1000.0
535.4470571951903 1184.0
535.5411007199602 1112.0
535.635136914995 1144.0
535.7291657783279 1176.0
535.8231873079925 1032.0
535.9172015020224 1048.0
536.0112083584512 1064.0
536.1052078753122 1144.0
536.1992000506391 1032.0
536.2931848824653 1000.0
536.3871623688244 1080.0
536.4811325077501 1208.0
536.5750952972758 1088.0
536.6690507354349 968.0
536.7629988202609 776.0
536.8569395497876 968.0
536.9508729220483 1080.0
537.0447989350766 1224.0
537.1387175869062 1256.0
537.2326288755705 1112.0
537.3265327991028 968.0
537.420429355537 1032.0
537.5143185429064 840.0
537.6082003592446 1048.0
537.7020748025851 1192.0
537.7959418709615 1096.0
537.8898015624072 952.0
537.983653874956 968.0
538.0774988066411 1144.0
538.1713363554961 1128.0
538.2651665195547 1096.0
538.3589892968503 920.0
538.4528046854164 1080.0
538.5466126832866 1016.0
538.6404132884945 1064.0
538.7342064990735 888.0
538.8279923130572 1016.0
538.921770728479 1064.0
539.0155417433728 1096.0
539.1093053557715 1256.0
539.2030615637092 1160.0
539.2968103652192 1128.0
539.390551758335 1096.0
539.4842857410902 1080.0
539.5780123115185 1000.0
539.6717314676529 1064.0
539.7654432075275 1160.0
539.8591475291755 1064.0
539.9528444306305 968.0
540.0465339099262 840.0
540.1402159650959 1080.0
540.2338905941731 1224.0
540.3275577951916 1080.0
540.4212175661849 1048.0
540.5148699051861 1048.0
540.6085148102292 992.0
540.7021522793475 936.0
540.7957823105746 1016.0
540.889404901944 936.0
540.9830200514893 904.0
541.0766277572441 1112.0
541.1702280172415 1176.0
541.2638208295155 1064.0
541.3574061920996 936.0
541.4509841030269 1096.0
541.5445545603314 1048.0
541.6381175620465 1128.0
541.7316731062057 1128.0
541.8252211908424 1160.0
541.9187618139903 1080.0
542.0122949736829 936.0
542.1058206679536 904.0
542.199338894836 1048.0
542.2928496523639 952.0
542.3863529385704 1000.0
542.4798487514893 1000.0
542.5733370891539 1064.0
542.666817949598 1128.0
542.760291330855 1064.0
542.8537572309585 840.0
542.9472156479418 968.0
543.0406665798388 1000.0
543.1341100246826 1064.0
543.2275459805071 1192.0
543.3209744453457 1192.0
543.4143954172318 1064.0
543.5078088941991 1080.0
543.601214874281 1000.0
543.6946133555113 776.0
543.7880043359231 936.0
543.8813878135503 1032.0
543.9747637864263 1016.0
544.0681322525845 936.0
544.1614932100586 840.0
544.2548466568821 904.0
544.3481925910885 1032.0
544.4415310107113 872.0
544.5348619137841 1096.0
544.6281852983404 1016.0
544.7215011624137 936.0
544.8148095040375 1000.0
544.9081103212454 1048.0
545.001403612071 1048.0
545.0946893745477 1048.0
545.187967606709 1064.0
545.2812383065886 1032.0
545.3745014722199 1096.0
545.4677571016364 1208.0
545.5610051928718 1080.0
545.6542457439593 952.0
545.7474787529329 1000.0
545.8407042178258 840.0
545.9339221366715 1016.0
546.0271325075037 1112.0
546.1203353283558 1048.0
546.2135305972615 856.0
546.3067183122541 888.0
546.3998984713674 1000.0
546.4930710726346 1080.0
546.5862361140896 1000.0
546.6793935937657 1096.0
546.7725435096964 1000.0
546.8656858599154 936.0
546.958820642456 824.0
547.0519478553518 984.0
547.1450674966366 1096.0
547.2381795643436 1080.0
547.3312840565064 1048.0
547.4243809711586 872.0
547.5174703063337 728.0
547.6105520600653 792.0
547.7036262303868 856.0
547.7966928153318 968.0
547.8897518129338 952.0
547.9828032212265 920.0
548.0758470382431 776.0
548.1688832620173 1016.0
548.2619118905827 872.0
548.3549329219728 1040.0
548.447946354221 1064.0
548.540952185361 904.0
548.6339504134263 872.0
548.7269410364503 968.0
548.8199240524666 1000.0
548.9128994595088 872.0
549.0058672556104 1000.0
549.0988274388048 1032.0
549.1917800071257 1064.0
549.2847249586065 984.0
549.3776622912808 1048.0
549.4705920031822 1240.0
549.5635140923441 1208.0
549.6564285568 1256.0
549.7493353945836 936.0
549.8422346037285 808.0
549.9351261822678 904.0
550.0280101282353 920.0
550.1208864396647 1000.0
550.2137551145892 968.0
550.3066161510426 856.0
550.3994695470582 936.0
550.4923153006697 1016.0
550.5851534099105 912.0
550.6779838728144 1032.0
550.7708066874145 968.0
550.8636218517447 1032.0
550.9564293638383 1096.0
551.049229221729 968.0
551.1420214234502 776.0
551.2348059670355 904.0
551.3275828505183 1032.0
551.4203520719324 920.0
551.513113629311 1000.0
551.605867520688 1032.0
551.6986137440965 1064.0
551.7913522975703 936.0
551.884083179143 1032.0
551.976806386848 1160.0
552.0695219187187 936.0
552.1622297727888 792.0
552.2549299470919 848.0
552.3476224396614 904.0
552.4403072485309 1032.0
552.5329843717338 1000.0
552.6256538073037 840.0
552.7183155532741 792.0
552.8109696076788 840.0
552.9036159685509 920.0
552.9962546339242 968.0
553.0888856018322 896.0
553.1815088703083 904.0
553.2741244373863 1016.0
553.3667323010993 1176.0
553.4593324594813 968.0
553.5519249105655 968.0
553.6445096523855 1016.0
553.7370866829749 1032.0
553.8296560003672 1000.0
553.922217602596 1048.0
554.0147714876946 824.0
554.1073176536969 728.0
554.199856098636 880.0
554.2923868205459 1032.0
554.3849098174596 1032.0
554.477425087411 952.0
554.5699326284337 872.0
554.6624324385608 712.0
554.7549245158262 952.0
554.8474088582634 1032.0
554.9398854639057 984.0
555.0323543307869 1000.0
555.1248154569404 904.0
555.2172688403996 1032.0
555.3097144791984 992.0
555.4021523713699 952.0
555.4945825149479 792.0
555.5870049079658 816.0
555.6794195484573 840.0
555.7718264344556 1032.0
555.8642255639946 936.0
555.9566169351077 968.0
556.0490005458284 760.0
556.1413763941903 920.0
556.2337444782266 872.0
556.3261047959712 1000.0
556.4184573454576 936.0
556.5108021247192 968.0
556.6031391317896 952.0
556.6954683647024 888.0
556.7877898214908 744.0
556.8801035001886 744.0
556.9724093988295 1064.0
557.0647075154468 1208.0
557.1569978480738 1032.0
557.2492803947446 1032.0
557.3415551534922 888.0
557.4338221223504 872.0
557.5260812993527 856.0
557.6183326825325 840.0
557.7105762699235 1064.0
557.8028120595592 1080.0
557.895040049473 968.0
557.9872602376986 984.0
558.0794726222695 936.0
558.171677201219 936.0
558.2638739725809 968.0
558.3560629343887 1048.0
558.4482440846757 1000.0
558.5404174214757 968.0
558.6325829428222 872.0
558.7247406467484 1000.0
558.8168905312883 856.0
558.9090325944751 968.0
559.0011668343426 856.0
559.093293248924 872.0
559.1854118362531 888.0
559.2775225943633 968.0
559.3696255212882 968.0
559.4617206150612 936.0
559.553807873716 984.0
559.645887295286 992.0
559.7379588778047 904.0
559.8300226193057 888.0
559.9220785178227 1032.0
560.0141265713889 1032.0
560.1061667780381 1032.0
560.1981991358036 1032.0
560.2902236427192 936.0
560.3822402968183 824.0
560.4742490961343 1064.0
560.5662500387009 952.0
560.6582431225515 856.0
560.7502283457197 864.0
560.8422057062392 872.0
560.9341752021431 904.0
561.0261368314654 1000.0
561.1180905922392 1016.0
561.2100364824985 824.0
561.3019745002764 1016.0
561.3939046436066 968.0
561.4858269105226 1000.0
561.5777412990581 1000.0
561.6696478072464 872.0
561.7615464331211 968.0
561.8534371747159 920.0
561.945320030064 872.0
562.0371949971992 808.0
562.129062074155 936.0
562.2209212589647 952.0
562.3127725496621 1000.0
562.4046159442805 984.0
562.4964514408537 968.0
562.5882790374151 1096.0
562.6800987319981 1064.0
562.7719105226364 920.0
562.8637144073634 936.0
562.9555103842129 1000.0
563.0472984512181 1032.0
563.1390786064127 904.0
563.2308508478302 936.0
563.322615173504 936.0
563.4143715814678 888.0
563.5061200697552 840.0
563.5978606363994 808.0
563.6895932794343 848.0
563.7813179968932 888.0
563.8730347868097 1000.0
563.9647436472173 968.0
564.0564445761496 976.0
564.1481375716401 984.0
564.2398226317222 1096.0
564.3314997544296 840.0
564.4231689377959 776.0
564.5148301798544 648.0
564.6064834786387 744.0
564.6981288321824 968.0
564.789766238519 936.0
564.8813956956819 888.0
564.9730172017049 840.0
565.0646307546212 984.0
565.1562363524647 984.0
565.2478339932686 840.0
565.3394236750667 920.0
565.4310053958923 872.0
565.522579153779 936.0
565.6141449467603 968.0
565.7057027728699 1032.0
565.7972526301412 920.0
565.8887945166077 808.0
565.9803284303031 744.0
566.0718543692607 840.0
566.1633723315141 840.0
566.2548823150968 840.0
566.3463843180425 696.0
566.4378783383846 768.0
566.5293643741566 840.0
566.6208424233921 616.0
566.7123124841246 808.0
566.8037745543877 1032.0
566.8952286322148 888.0
566.9866747156394 936.0
567.0781128026953 904.0
567.1695428914156 824.0
567.2609649798344 880.0
567.3523790659847 936.0
567.4437851479004 952.0
567.5351832236147 936.0
567.6265732911613 920.0
567.7179553485738 840.0
567.8093293938857 1000.0
567.9006954251304 1000.0
567.9920534403416 904.0
568.0834034375526 872.0
568.1747454147971 936.0
568.2660793701087 1000.0
568.3574053015209 936.0
568.448723207067 840.0
568.5400330847808 864.0
568.6313349326956 888.0
568.7226287488452 824.0
568.8139145312629 984.0
568.9051922779823 872.0
568.9964619870369 968.0
569.0877236564604 984.0
569.178977284286 968.0
569.2702228685475 920.0
569.3614604072785 936.0
569.4526898985123 904.0
569.5439113402824 952.0
569.6351247306226 824.0
569.7263300675662 968.0
569.8175273491468 904.0
569.9087165733979 880.0
569.9998977383532 856.0
570.0910708420458 904.0
570.1822358825099 872.0
570.2733928577784 776.0
570.3645417658852 840.0
570.4556826048636 792.0
570.5468153727472 872.0
570.6379400675697 920.0
570.7290566873644 1048.0
570.820165230165 936.0
570.9112656940049 872.0
571.0023580769177 824.0
571.093442376937 888.0
571.1845185920961 876.0
571.2755867204287 864.0
571.3666467599684 936.0
571.4576987087485 888.0
571.5487425648028 1000.0
571.6397783261646 888.0
571.7308059908675 920.0
571.821825556945 904.0
571.9128370224308 904.0
572.0038403853582 872.0
572.0948356437609 904.0
572.1858227956724 936.0
572.2768018391262 1080.0
572.3677727721557 912.0
572.4587355927946 872.0
572.5496902990765 776.0
572.6406368890346 920.0
572.7315753607028 840.0
572.8225057121144 760.0
572.9134279413031 984.0
573.0043420463022 1000.0
573.0952480251455 944.0
573.1861458758661 888.0
573.2770355964982 936.0
573.3679171850747 912.0
573.4587906396295 952.0
573.5496559581959 968.0
573.6405131388076 920.0
573.731362179498 872.0
573.8222030783006 840.0
573.9130358332493 904.0
574.0038604423772 856.0
574.094676903718 856.0
574.1854852153052 712.0
574.2762853751723 888.0
574.3670773813529 808.0
574.4578612318804 904.0
574.5486369247886 856.0
574.6394044581108 888.0
574.7301638298807 1064.0
574.8209150381315 1000.0
574.911658080897 872.0
575.0023929562107 936.0
575.0931196621061 1000.0
575.1838381966168 1064.0
575.2745485577761 1032.0
575.3652507436179 1048.0
575.4559447521754 904.0
575.5466305814823 888.0
575.637308229572 1048.0
575.7279776944781 936.0
575.8186389742343 880.0
575.9092920668738 968.0
575.9999369704303 1032.0
576.0905736829375 920.0
576.1812022024285 808.0
576.2718225269373 872.0
576.3624346544972 792.0
576.4530385831416 816.0
576.5436343109043 840.0
576.6342218358186 936.0
576.7248011559183 840.0
576.8153722692366 888.0
576.9059351738072 792.0
576.9964898676636 792.0
577.0870363488394 840.0
577.1775746153681 936.0
577.2681046652832 808.0
577.3586264966182 904.0
577.4491401074067 792.0
577.5396454956822 792.0
577.6301426594782 808.0
577.7206315968283 872.0
577.8111123057658 872.0
577.9015847843247 968.0
577.9920490305382 1064.0
578.0825050424397 968.0
578.1729528180629 936.0
578.2633923554415 968.0
578.3538236526088 968.0
578.4442467075983 968.0
578.5346615184437 936.0
578.6250680831783 792.0
578.715466399836 728.0
578.80585646645 984.0
578.8962382810539 1080.0
578.9866118416813 984.0
579.0769771463657 808.0
579.1673341931406 776.0
579.2576829800396 824.0
579.3480235050962 840.0
579.4383557663439 856.0
579.5286797618162 904.0
579.6189954895466 936.0
579.7093029475689 872.0
579.7996021339162 872.0
579.8898930466223 1032.0
579.9801756837207 872.0
580.070450043245 824.0
580.1607161232287 968.0
580.2509739217052 1000.0
580.3412234367081 1000.0
580.4314646662709 1064.0
580.5216976084272 840.0
580.6119222612105 776.0
580.7021386226543 936.0
580.7923466907921 920.0
580.8825464636576 936.0
580.9727379392841 1000.0
581.0629211157054 872.0
581.1530959909547 888.0
581.2432625630657 872.0
581.333420830072 1000.0
581.423570790007 1000.0
581.5137124409044 1032.0
581.6038457807975 1064.0
581.69397080772 1128.0
581.7840875197054 1176.0
581.8741959147872 1160.0
581.9642959909988 1080.0
582.054387746374 1000.0
582.1444711789461 840.0
582.2345462867488 968.0
582.3246130678156 968.0
582.4146715201798 1096.0
582.5047216418752 1144.0
582.5947634309352 952.0
582.6847968853936 776.0
582.7748220032834 744.0
582.8648387826386 888.0
582.9548472214925 1032.0
583.0448473178787 904.0
583.1348390698306 952.0
583.224822475382 888.0
583.3147975325662 952.0
583.4047642394169 1016.0
583.4947225939674 952.0
583.5846725942514 1080.0
583.6746142383024 1176.0
583.764547524154 1000.0
583.8544724498395 1016.0
583.9443890133925 1000.0
584.0342972128468 1064.0
584.1241970462357 1000.0
584.2140885115928 968.0
584.3039716069516 1016.0
584.3938463303455 1128.0
584.4837126798081 968.0
584.5735706533733 1144.0
584.6634202490741 968.0
584.7532614649442 1000.0
584.8430942990173 984.0
584.9329187493267 1080.0
585.022734813906 1128.0
585.1125424907889 1208.0
585.2023417780086 1032.0
585.292132673599 968.0
585.3819151755935 984.0
585.4716892820254 1128.0
585.5614549909285 1096.0
585.6512123003362 1096.0
585.740961208282 1032.0
585.8307017127996 1000.0
585.9204338119223 968.0
586.0101575036839 872.0
586.0998727861177 1032.0
586.1895796572574 1032.0
586.2792781151363 968.0
586.3689681577882 1128.0
586.4586497832464 1032.0
586.5483229895447 1032.0
586.6379877747162 1016.0
586.7276441367949 1032.0
586.817292073814 1112.0
586.9069315838071 1256.0
586.9965626648079 1160.0
587.0861853148497 1064.0
587.1757995319663 1104.0
587.2654053141908 1192.0
587.3550026595573 1176.0
587.4445915660988 1224.0
587.5341720318492 1192.0
587.6237440548418 1176.0
587.7133076331102 1128.0
587.8028627646879 1256.0
587.8924094476085 1112.0
587.9819476799056 1064.0
588.0714774596125 1096.0
588.160998784763 1224.0
588.2505116533904 1128.0
588.3400160635283 1000.0
588.4295120132102 1016.0
588.5189995004697 1416.0
588.6084785233404 1448.0
588.6979490798556 1160.0
588.7874111680491 1144.0
588.8768647859542 1224.0
588.9663099316045 1176.0
589.0557466030336 1160.0
589.145174798275 1128.0
589.2345945153622 1224.0
589.3240057523287 1224.0
589.413408507208 1160.0
589.5028027780338 1208.0
589.5921885628396 1288.0
589.6815658596587 1176.0
589.7709346665249 1288.0
589.8602949814715 1224.0
589.9496468025324 1400.0
590.0389901277406 1480.0
590.12832495513 1176.0
590.217651282734 1048.0
590.3069691085861 1224.0
590.39627843072 1192.0
590.4855792471692 1320.0
590.5748715559669 1368.0
590.664155355147 1368.0
590.753430642743 1304.0
590.8426974167882 1416.0
590.9319556753164 1384.0
591.0212054163609 1480.0
591.1104466379553 1560.0
591.1996793381333 1544.0
591.288903514928 1480.0
591.3781191663735 1480.0
591.4673262905029 1464.0
591.55652488535 1416.0
591.6457149489481 1432.0
591.7348964793308 1560.0
591.8240694745317 1640.0
591.9132339325843 1480.0
592.0023898515221 1576.0
592.0915372293787 1544.0
592.1806760641875 1448.0
592.2698063539822 1608.0
592.3589280967961 1768.0
592.448041290663 1816.0
592.5371459336162 1720.0
592.6262420236893 1640.0
592.715329558916 1704.0
592.8044085373297 1784.0
592.8934789569637 1800.0
592.9825408158518 1848.0
593.0715941120276 1800.0
593.1606388435245 1848.0
593.2496750083758 1864.0
593.3387026046155 1784.0
593.4277216302768 1832.0
593.5167320833932 1912.0
593.6057339619986 1688.0
593.6947272641261 1768.0
593.7837119878094 1848.0
593.872688131082 1896.0
593.9616556919776 2120.0
594.0506146685295 2088.0
594.1395650587714 1816.0
594.2285068607367 2280.0
594.317440072459 2040.0
594.4063646919718 2152.0
594.4952807173087 2248.0
594.584188146503 2200.0
594.6730869775886 2024.0
594.7619772085986 2376.0
594.8508588375669 2312.0
594.939731862527 2336.0
595.0285962815121 2440.0
595.117452092556 2504.0
595.2062992936923 2328.0
595.2951378829542 2440.0
595.3839678583756 2536.0
595.4727892179899 2800.0
595.5616019598305 2648.0
595.650406081931 2552.0
595.739201582325 2600.0
595.8279884590459 2824.0
595.9167667101274 2984.0
596.0055363336029 3240.0
596.094297327506 3112.0
596.1830496898701 3080.0
596.2717934187289 3176.0
596.3605285121159 3272.0
596.4492549680645 3160.0
596.5379727846083 3304.0
596.626681959781 3368.0
596.7153824916159 3464.0
596.8040743781464 3432.0
596.8927576174065 3592.0
596.9814322074293 3560.0
597.0700981462486 3912.0
597.1587554318978 3928.0
597.2474040624104 4008.0
597.3360440358199 3928.0
597.4246753501601 4168.0
597.5132980034643 4112.0
597.601911993766 4136.0
597.6905173190987 4424.0
597.7791139774962 4744.0
597.8677019669918 4648.0
597.9562812856191 4920.0
598.0448519314116 4968.0
598.1334139024027 4952.0
598.2219671966262 5160.0
598.3105118121156 5336.0
598.3990477469042 5208.0
598.4875749990257 5432.0
598.5760935665136 5456.0
598.6646034474013 5864.0
598.7531046397227 6088.0
598.8415971415109 6376.0
598.9300809507996 6472.0
599.0185560656224 6696.0
599.1070224840126 6968.0
599.1954802040042 7128.0
599.2839292236301 7336.0
599.3723695409244 7672.0
599.4608011539203 8040.0
599.5492240606515 8056.0
599.6376382591512 8296.0
599.7260437474533 8536.0
599.8144405235913 8952.0
599.9028285855985 9320.0
599.9912079315085 9560.0
600.0795785593551 10056.0
600.1679404671715 10696.0
600.2562936529914 11272.0
600.3446381148482 11544.0
600.4329738507755 12280.0
600.5213008588069 12792.0
600.6096191369758 13512.0
600.6979286833158 14088.0
600.7862294958604 14984.0
600.8745215726433 15848.0
600.9628049116977 16776.0
601.0510795110574 17512.0
601.1393453687558 18632.0
601.2276024828265 19944.0
601.315850851303 20872.0
601.404090472219 21672.0
601.4923213436075 22776.0
601.5805434635026 23816.0
601.6687568299376 24616.0
601.756961440946 25224.0
601.8451572945614 25704.0
601.9333443888174 26344.0
602.0215227217474 27080.0
602.1096922913848 27536.0
602.1978530957634 27816.0
602.2860051329167 27320.0
602.3741484008781 27432.0
602.462282897681 26984.0
602.5504086213593 26600.0
602.6385255699463 26152.0
602.7266337414756 25208.0
602.8147331339807 24216.0
602.9028237454951 23752.0
602.9909055740524 22360.0
603.078978617686 21080.0
603.1670428744295 19976.0
603.2550983423165 19016.0
603.3431450193805 18152.0
603.4311829036549 17144.0
603.5192119931734 15976.0
603.6072322859694 15080.0
603.6952437800767 14344.0
603.7832464735284 13608.0
603.8712403643583 13000.0
603.9592254505999 12456.0
604.0472017302867 11912.0
604.1351692014523 11280.0
604.22312786213 10936.0
604.3110777103536 10520.0
604.3990187441566 9896.0
604.4869509615725 9480.0
604.5748743606346 9224.0
604.6627889393767 9160.0
604.7506946958322 8584.0
604.8385916280347 8312.0
604.9264797340177 8008.0
605.0143590118148 7928.0
605.1022294594593 7592.0
605.190091074985 7272.0
605.2779438564254 7240.0
605.3657878018138 7000.0
605.4536229091839 6760.0
605.5414491765692 6744.0
605.6292666020033 6536.0
605.7170751835197 6040.0
605.8048749191518 6024.0
605.8926658069333 6040.0
605.9804478448975 6184.0
606.0682210310782 5800.0
606.1559853635088 5608.0
606.2437408402229 5496.0
606.3314874592539 5464.0
606.4192252186355 5480.0
606.506954116401 5304.0
606.5946741505841 5304.0
606.6823853192184 5288.0
606.7700876203371 5192.0
606.857781051974 4872.0
606.9454656121627 5000.0
607.0331412989365 4968.0
607.120808110329 4952.0
607.208466044374 5032.0
607.2961150991046 5032.0
607.3837552725545 4776.0
607.4713865627573 4824.0
607.5590089677464 4728.0
607.6466224855556 4760.0
607.7342271142181 4536.0
607.8218228517677 4392.0
607.9094096962377 4472.0
607.9969876456616 4616.0
608.0845566980732 4696.0
608.172116851506 4520.0
608.2596681039932 4328.0
608.3472104535688 4552.0
608.4347438982659 4424.0
608.5222684361181 4232.0
608.6097840651591 4312.0
608.6972907834225 4472.0
608.7847885889416 4360.0
608.87227747975 4368.0
608.9597574538814 4392.0
609.047228509369 4264.0
609.1346906442466 4280.0
609.2221438565475 4312.0
609.3095881443056 4040.0
609.397023505554 4360.0
609.4844499383265 4168.0
609.5718674406565 4136.0
609.6592760105777 4152.0
609.7466756461235 4136.0
609.8340663453274 3928.0
609.921448106223 4176.0
610.0088209268437 4136.0
610.0961848052233 4184.0
610.183539739395 4184.0
610.2708857273926 4168.0
610.3582227672495 4072.0
610.4455508569993 4280.0
610.5328699946754 4016.0
610.6201801783114 4008.0
610.7074814059408 4200.0
610.7947736755972 4296.0
610.8820569853142 4392.0
610.9693313331252 4360.0
611.0565967170636 4168.0
611.1438531351632 4024.0
611.2311005854574 4456.0
611.3183390659798 4184.0
611.4055685747637 4008.0
611.492789109843 4120.0
611.5800006692509 3944.0
611.6672032510212 4088.0
611.7543968531871 4216.0
611.8415814737825 4040.0
611.9287571108406 4040.0
612.0159237623951 4200.0
612.1030814264797 4040.0
612.1902301011276 4168.0
612.2773697843725 4136.0
612.3645004742477 4088.0
612.451622168787 3832.0
612.538734866024 4296.0
612.6258385639919 4136.0
612.7129332607246 4208.0
612.8000189542554 4136.0
612.8870956426179 4168.0
612.9741633238455 3960.0
613.0612219959719 4136.0
613.1482716570305 4072.0
613.2353123050549 4104.0
613.3223439380786 4072.0
613.4093665541352 4168.0
613.4963801512582 4344.0
613.583384727481 4152.0
613.6703802808372 3952.0
613.7573668093605 4056.0
613.8443443110843 4248.0
613.9313127840421 4256.0
614.0182722262674 4328.0
614.1052226357938 4200.0
614.1921640106548 4088.0
614.279096348884 4152.0
614.3660196485148 4152.0
614.4529339075809 4088.0
614.5398391241156 4104.0
614.6267352961526 4248.0
614.7136224217254 4120.0
614.8005004988676 4328.0
614.8873695256125 4216.0
614.9742294999938 3960.0
615.0610804200451 4120.0
615.1479222837997 4360.0
615.2347550892913 4088.0
615.3215788345535 4280.0
615.4083935176197 4088.0
615.4951991365234 3912.0
615.5819956892981 4136.0
615.6687831739775 4136.0
615.7555615885951 4072.0
615.8423309311844 4104.0
615.9290911997787 4024.0
616.0158423924119 3928.0
616.1025845071172 4120.0
616.1893175419284 4136.0
616.2760414948789 4200.0
616.3627563640023 4072.0
616.4494621473319 4040.0
616.5361588429015 4200.0
616.6228464487446 4024.0
616.7095249628945 4056.0
616.796194383385 3752.0
616.8828547082496 4040.0
616.9695059355215 4008.0
617.0561480632348 4040.0
617.1427810894226 3816.0
617.2294050121184 3944.0
617.3160198293559 3704.0
617.4026255391688 3960.0
617.4892221395901 3976.0
617.5758096286538 3720.0
617.6623880043934 3720.0
617.7489572648423 3768.0
617.835517408034 3544.0
617.922068432002 3704.0
618.00861033478 3624.0
618.0951431144013 3320.0
618.1816667688996 3624.0
618.2681812963085 3576.0
618.3546866946613 3720.0
618.4411829619917 3704.0
618.5276700963332 3720.0
618.6141480957192 3416.0
618.7006169581834 3336.0
618.7870766817593 3272.0
618.8735272644805 3240.0
618.9599687043802 3368.0
619.0464009994923 3416.0
619.1328241478501 3560.0
619.2192381474872 3688.0
619.3056429964372 3720.0
619.3920386927336 3352.0
619.47842523441 3480.0
619.5648026194997 3336.0
619.6511708460363 3560.0
619.7375299120533 3368.0
619.8238798155846 3480.0
619.9102205546633 3416.0
619.9965521273231 3384.0
620.0828745315973 3304.0
620.16918776552 3544.0
620.2554918271242 3272.0
620.3417867144435 3536.0
620.4280724255116 3448.0
620.514348958362 3448.0
620.6006163110281 3336.0
620.6868744815436 3336.0
620.7731234679419 3384.0
620.8593632682565 3448.0
620.9455938805211 3432.0
621.031815302769 3304.0
621.118027533034 3112.0
621.2042305693494 3288.0
621.290424409749 3224.0
621.376609052266 3384.0
621.462784494934 3336.0
621.5489507357867 3192.0
621.6351077728575 3064.0
621.7212556041799 3304.0
621.8073942277877 3192.0
621.8935236417141 3112.0
621.9796438439928 3336.0
622.0657548326571 3432.0
622.1518566057408 3032.0
622.2379491612774 3240.0
622.3240324973003 3320.0
622.4101066118432 3400.0
622.4961715029394 3304.0
622.5822271686227 3304.0
622.6682736069264 3112.0
622.7543108158841 3176.0
622.8403387935293 3032.0
622.9263575378957 2984.0
623.0123670470166 3368.0
623.0983673189257 3320.0
623.1843583516564 3192.0
623.2703401432424 3256.0
623.356312691717 3160.0
623.442275995114 3192.0
623.5282300514666 3144.0
623.6141748588086 3288.0
623.7001104151734 3016.0
623.7860367185947 3112.0
623.8719537671057 3144.0
623.9578615587403 3064.0
624.0437600915317 3144.0
624.1296493635136 3080.0
624.2155293727196 2952.0
624.3014001171831 3144.0
624.3872615949377 3080.0
624.473113804017 3048.0
624.5589567424543 2792.0
624.6447904082831 3048.0
624.7306147995374 2968.0
624.8164299142503 3000.0
624.9022357504555 2904.0
624.9880323061864 3016.0
625.0738195794765 3016.0
625.1595975683597 2968.0
625.2453662708691 2856.0
625.3311256850384 2856.0
625.4168758089011 2824.0
625.5026166404908 2872.0
625.588348177841 2728.0
625.6740704189851 2936.0
625.7597833619569 3112.0
625.8454870047897 3048.0
625.9311813455172 3064.0
626.0168663821727 2712.0
626.1025421127899 2648.0
626.1882085354023 2968.0
626.2738656480434 2984.0
626.3595134487467 2920.0
626.4451519355459 2968.0
626.5307811064743 2664.0
626.6164009595656 2712.0
626.7020114928532 2728.0
626.7876127043708 2952.0
626.8732045921518 3080.0
626.9587871542296 2832.0
627.0443603886381 2920.0
627.1299242934103 2760.0
627.2154788665804 2664.0
627.3010241061813 2680.0
627.386560010247 2728.0
627.4720865768107 2632.0
627.5576038039061 2792.0
627.6431116895667 2792.0
627.728610231826 2504.0
627.8140994287176 2728.0
627.8995792782749 2760.0
627.9850497785314 2776.0
628.070510927521 2792.0
628.1559627232767 2648.0
628.2414051638325 2392.0
628.3268382472216 2664.0
628.4122619714777 2760.0
628.4976763346343 2816.0
628.583081334725 2856.0
628.6684769697829 2536.0
628.7538632378422 2568.0
628.8392401369359 2632.0
628.9246076650979 2552.0
629.0099658203615 2472.0
629.0953146007603 2664.0
629.1806540043277 2776.0
629.2659840290974 2952.0
629.3513046731028 2504.0
629.4366159343778 2408.0
629.5219178109553 2264.0
629.6072103008694 2424.0
629.6924934021532 2536.0
629.7777671128405 2664.0
629.8630314309647 2632.0
629.9482863545594 2440.0
630.0335318816582 2456.0
630.1187680102945 2488.0
630.2039947385018 2424.0
630.2892120643139 2376.0
630.3744199857639 2344.0
630.4596185008857 2632.0
630.5448076077125 2584.0
630.6299873042781 2632.0
630.7151575886161 2584.0
630.8003184587596 2480.0
630.8854699127426 2440.0
630.9706119485984 2424.0
631.0557445643605 2424.0
631.1408677580624 2280.0
631.225981527738 2312.0
631.3110858714203 2440.0
631.3961807871432 2312.0
631.48126627294 2456.0
631.5663423268445 2504.0
631.65140894689 2408.0
631.7364661311101 2376.0
631.8215138775383 2392.0
631.9065521842082 2248.0
631.9915810491532 2312.0
632.076600470407 2312.0
632.1616104460029 2264.0
632.2466109739747 2168.0
632.3316020523558 2152.0
632.4165836791797 2184.0
632.5015558524799 2168.0
632.5865185702901 2216.0
632.6714718306437 2296.0
632.7564156315741 2216.0
632.8413499711152 2280.0
632.9262748473002 2280.0
633.0111902581627 2248.0
633.0960962017364 2376.0
633.1809926760545 2424.0
633.2658796791508 2216.0
633.3507572090588 2280.0
633.435625263812 2248.0
633.5204838414438 2216.0
633.6053329399878 2312.0
633.6901725574777 2280.0
633.7750026919468 2040.0
633.8598233414289 2280.0
633.9446345039572 2168.0
634.0294361775656 2152.0
634.1142283602873 2296.0
634.1990110501558 2320.0
634.2837842452049 2040.0
634.368547943468 2296.0
634.4533021429786 2376.0
634.5380468417703 2264.0
634.6227820378765 2216.0
634.7075077293309 2280.0
634.7922239141669 2104.0
634.8769305904182 2024.0
634.9616277561181 2296.0
635.0463154093004 2232.0
635.1309935479983 2024.0
635.2156621702455 2088.0
635.3003212740757 2104.0
635.384970857522 1928.0
635.4696109186184 2184.0
635.5542414553981 2088.0
635.6388624658948 2040.0
635.7234739481421 2376.0
635.8080759001732 2312.0
635.8926683200218 2184.0
635.9772512057216 2104.0
636.061824555306 2184.0
636.1463883668084 2120.0
636.2309426382626 2280.0
636.3154873677018 2104.0
636.4000225531598 2120.0
636.4845481926701 2136.0
636.5690642842661 2344.0
636.6535708259814 2312.0
636.7380678158495 2008.0
636.8225552519041 2312.0
636.9070331321784 2376.0
636.9915014547062 2088.0
637.075960217521 2200.0
637.1604094186562 2152.0
637.2448490561453 2096.0
637.3292791280221 2328.0
637.4136996323199 2312.0
637.4981105670723 2344.0
637.5825119303129 2344.0
637.666903720075 2024.0
637.7512859343924 2088.0
637.8356585712984 2152.0
637.9200216288267 2152.0
638.0043751050107 2088.0
638.0887189978841 2280.0
638.1730533054803 2200.0
638.2573780258328 2376.0
638.3416931569752 2344.0
638.425998696941 2328.0
638.5102946437638 2200.0
638.594580995477 2328.0
638.6788577501142 2432.0
638.763124905709 2440.0
638.8473824602949 2376.0
638.9316304119053 2248.0
639.0158687585738 2168.0
639.100097498334 2408.0
639.1843166292194 2232.0
639.2685261492634 2088.0
639.3527260564997 2088.0
639.4369163489619 2232.0
639.5210970246832 2280.0
639.6052680816973 2344.0
639.6894295180379 2184.0
639.7735813317383 2120.0
639.8577235208321 2168.0
639.941856083353 2088.0
640.0259790173342 2216.0
640.1100923208094 2296.0
640.1941959918122 2120.0
640.2782900283761 2056.0
640.3623744285344 2088.0
640.446449190321 2184.0
640.5305143117691 2408.0
640.6145697909126 2408.0
640.6986156257847 2280.0
640.782651814419 2264.0
640.866678354849 2280.0
640.9506952451082 2392.0
641.0347024832305 2024.0
641.118700067249 2152.0
641.2026879951975 2136.0
641.2866662651093 2360.0
641.370634875018 2184.0
641.4545938229572 2120.0
641.5385431069604 2216.0
641.6224827250612 2152.0
641.706412675293 2120.0
641.7903329556895 2312.0
641.874243564284 2168.0
641.9581444991102 2232.0
642.0420357582015 2264.0
642.1259173395914 2056.0
642.2097892413137 2056.0
642.2936514614019 2056.0
642.3775039978891 1896.0
642.4613468488093 1896.0
642.5451800121958 2008.0
642.6290034860822 2088.0
642.7128172685019 1880.0
642.7966213574887 2024.0
642.8804157510758 1992.0
642.9642004472971 1928.0
643.0479754441858 1912.0
643.1317407397755 2024.0
643.2154963320999 1880.0
643.2992422191925 2024.0
643.3829783990865 1992.0
643.4667048698159 2040.0
643.5504216294138 1928.0
643.634128675914 1848.0
643.71782600735 1832.0
643.8015136217552 1896.0
643.8851915171633 1736.0
643.9688596916078 1832.0
644.0525181431221 1784.0
644.1361668697398 1640.0
644.2198058694945 2024.0
644.3034351404197 1992.0
644.3870546805489 1672.0
644.4706644879154 1592.0
644.5542645605532 1896.0
644.6378548964955 1832.0
644.7214354937759 1752.0
644.8050063504279 1864.0
644.8885674644852 1832.0
644.9721188339811 1752.0
645.0556604569492 1640.0
645.1391923314231 1704.0
645.2227144554364 1760.0
645.3062268270223 1816.0
645.3897294442147 1656.0
645.4732223050471 1672.0
645.5567054075527 1544.0
645.6401787497653 1528.0
645.7236423297184 1448.0
645.8070961454454 1672.0
645.89054019498 1496.0
645.9739744763556 1480.0
646.0573989876058 1704.0
646.1408137267641 1512.0
646.224218691864 1496.0
646.3076138809391 1672.0
646.390999292023 1688.0
646.4743749231491 1464.0
646.5577407723509 1736.0
646.641096837662 1832.0
646.7244431171159 1640.0
646.8077796087462 1608.0
646.8911063105863 1480.0
646.9744232206699 1704.0
647.0577303370304 1576.0
647.1410276577013 1688.0
647.2243151807163 1544.0
647.3075929041088 1608.0
647.3908608259123 1704.0
647.4741189441604 1624.0
647.5573672568866 1704.0
647.6406057621246 1768.0
647.7238344579075 1816.0
647.8070533422691 1592.0
647.8902624132431 1704.0
647.9734616688628 1736.0
648.0566511071618 1608.0
648.1398307261736 1736.0
648.2230005239319 1800.0
648.3061604984698 1736.0
648.3893106478213 1736.0
648.4724509700196 1800.0
648.5555814630985 1544.0
648.6387021250912 1560.0
648.7218129540316 1512.0
648.804913947953 1592.0
648.8880051048889 1608.0
648.9710864228731 1592.0
649.0541578999388 1688.0
649.1372195341197 1464.0
649.2202713234492 1704.0
649.303313265961 1800.0
649.3863453596887 1704.0
649.4693676026654 1608.0
649.5523799929251 1528.0
649.6353825285012 1672.0
649.718375207427 1672.0
649.8013580277363 1736.0
649.8843309874626 1368.0
649.9672940846392 1608.0
650.0502473172999 1560.0
650.1331906834781 1544.0
650.2161241812073 1528.0
650.2990478085212 1512.0
650.3819615634532 1304.0
650.4648654440367 1528.0
650.5477594483054 1528.0
650.6306435742929 1624.0
650.7135178200325 1560.0
650.7963821835579 1480.0
650.8792366629026 1448.0
650.9620812561001 1736.0
651.0449159611838 1704.0
651.1277407761876 1800.0
651.2105556991448 1576.0
651.2933607280888 1480.0
651.3761558610533 1336.0
651.4589410960718 1512.0
651.5417164311779 1568.0
651.6244818644049 1408.0
651.7072373937866 1496.0
651.7899830173562 1464.0
651.8727187331476 1336.0
651.9554445391943 1448.0
652.0381604335295 1432.0
652.120866414187 1528.0
652.2035624792003 1672.0
652.2862486266027 1544.0
652.3689248544281 1496.0
652.4515911607098 1672.0
652.5342475434812 1448.0
652.6168940007763 1272.0
652.699530530628 1480.0
652.7821571310703 1416.0
652.8647738001367 1512.0
652.9473805358605 1416.0
653.0299773362755 1208.0
653.1125641994148 1400.0
653.1951411233124 1464.0
653.2777081060016 1384.0
653.360265145516 1288.0
653.4428122398889 1592.0
653.5253493871543 1576.0
653.6078765853453 1576.0
653.6903938324956 1384.0
653.7729011266387 1192.0
653.8553984658081 1352.0
653.9378858480375 1368.0
654.0203632713602 1288.0
654.1028307338098 1544.0
654.18528823342 1672.0
654.267735768224 1480.0
654.3501733362557 1384.0
654.4326009355484 1320.0
654.5150185641356 1368.0
654.5974262200509 1256.0
654.6798239013278 1288.0
654.7622116059999 1512.0
654.8445893321008 1512.0
654.9269570776639 1480.0
655.0093148407227 1464.0
655.0916626193108 1432.0
655.1740004114616 1416.0
655.2563282152089 1288.0
655.3386460285859 1368.0
655.4209538496265 1400.0
655.5032516763638 1608.0
655.5855395068318 1544.0
655.6678173390635 1320.0
655.750085171093 1192.0
655.8323430009534 1224.0
655.9145908266785 1416.0
655.9968286463015 1264.0
656.0790564578563 1144.0
656.1612742593761 1192.0
656.2434820488946 1016.0
656.3256798244455 1320.0
656.4078675840622 1256.0
656.4900453257778 1240.0
656.5722130476265 1208.0
656.6543707476415 1176.0
656.7365184238563 1256.0
656.8186560743046 1512.0
656.9007836970197 1368.0
656.9829012900353 1192.0
657.0650088513851 1352.0
657.1471063791021 1240.0
657.2291938712202 1272.0
657.311271325773 1384.0
657.3933387407939 1160.0
657.4753961143163 1128.0
657.5574434443739 1256.0
657.6394807290002 1208.0
657.7215079662287 1256.0
657.803525154093 1256.0
657.8855322906265 1320.0
657.967529373863 1304.0
658.0495164018357 1288.0
658.1314933725782 1272.0
658.2134602841242 1384.0
658.295417134507 1336.0
658.3773639217604 1288.0
658.4593006439178 1272.0
658.5412272990126 1336.0
658.6231438850784 1256.0
658.7050504001488 1224.0
658.7869468422574 1448.0
658.8688332094376 1272.0
658.950709499723 1240.0
659.032575711147 1280.0
659.1144318417432 1320.0
659.1962778895452 1128.0
659.2781138525864 1256.0
659.3599397289006 1128.0
659.441755516521 1000.0
659.5235612134813 1272.0
659.6053568178149 1288.0
659.6871423275555 1176.0
659.7689177407365 1256.0
659.8506830553915 1320.0
659.932438269554 1320.0
660.0141833812577 1192.0
660.0959183885358 1160.0
660.177643289422 1208.0
660.2593580819499 1288.0
660.341062764153 1096.0
660.4227573340646 1128.0
660.5044417897186 1192.0
660.5861161291483 1224.0
660.6677803503871 1224.0
660.7494344514689 1224.0
660.831078430427 1320.0
660.9127122852949 1240.0
660.9943360141064 1256.0
661.0759496148946 1224.0
661.1575530856933 1160.0
661.239146424536 1224.0
661.3207296294562 1224.0
661.4023026984875 1288.0
661.4838656296633 1304.0
661.5654184210173 1160.0
661.6469610705828 1080.0
661.7284935763935 1072.0
661.8100159364828 1128.0
661.8915281488844 1256.0
661.9730302116318 1256.0
662.0545221227584 1224.0
662.1360038802978 1160.0
662.2174754822836 1096.0
662.2989369267491 1096.0
662.3803882117281 1224.0
662.461829335254 1112.0
662.5432602953604 1240.0
662.6246810900808 1352.0
662.7060917174488 1096.0
662.7874921754976 1032.0
662.868882462261 1160.0
662.9502625757726 1120.0
663.0316325140659 1080.0
663.1129922751741 1160.0
663.1943418571311 1128.0
663.2756812579704 984.0
663.3570104757254 1256.0
663.4383295084297 1128.0
663.5196383541168 968.0
663.6009370108201 1256.0
663.6822254765733 1224.0
663.7635037494099 984.0
663.8447718273635 968.0
663.9260297084676 936.0
664.0072773907556 1112.0
664.088514872261 1336.0
664.1697421510175 1128.0
664.2509592250586 1064.0
664.3321660924179 1096.0
664.4133627511286 1176.0
664.4945491992246 1256.0
664.5757254347393 1208.0
664.6568914557062 1064.0
664.7380472601587 1128.0
664.8191928461306 1224.0
664.9003282116553 1224.0
664.9814533547662 1128.0
665.0625682734972 1144.0
665.1436729658814 1272.0
665.2247674299526 1160.0
665.3058516637442 984.0
665.3869256652897 936.0
665.467989432623 968.0
665.549042963777 1064.0
665.6300862567857 1000.0
665.7111193096825 1016.0
665.792142120501 1032.0
665.8731546872745 1064.0
665.9541570080368 1128.0
666.0351490808213 1192.0
666.1161309036614 1272.0
666.1971024745909 1128.0
666.2780637916433 1064.0
666.3590148528517 1040.0
666.4399556562503 1032.0
666.520886199872 1096.0
666.6018064817508 936.0
666.68271649992 1096.0
666.7636162524133 1176.0
666.844505737264 1256.0
666.9253849525056 1000.0
667.006253896172 1096.0
667.0871125662964 1000.0
667.1679609609123 1080.0
667.2487990780535 1128.0
667.3296269157532 968.0
667.4104444720454 1048.0
667.4912517449632 1128.0
667.5720487325401 1080.0
667.65283543281 1160.0
667.7336118438062 1016.0
667.8143779635623 1096.0
667.8951337901117 888.0
667.975879321488 1096.0
668.0566145557248 1000.0
668.1373394908554 1016.0
668.2180541249138 1096.0
668.298758455933 1032.0
668.3794524819468 1032.0
668.4601362009887 1112.0
668.5408096110923 1064.0
668.6214727102911 952.0
668.7021254966185 1032.0
668.782767968108 1256.0
668.8634001227935 1064.0
668.9440219587079 936.0
669.0246334738854 1000.0
669.1052346663591 1032.0
669.1858255341627 1064.0
669.2664060753298 1064.0
669.3469762878935 1224.0
669.4275361698878 1080.0
669.5080857193461 1080.0
669.5886249343018 1016.0
669.6691538127887 1064.0
669.7496723528402 1064.0
669.8301805524895 1096.0
669.9106784097708 840.0
669.991165922717 968.0
670.0716430893619 936.0
670.152109907739 968.0
670.2325663758819 1032.0
670.313012491824 952.0
670.393448253599 968.0
670.4738736592402 888.0
670.5542887067813 1000.0
670.6346933942558 840.0
670.7150877196973 968.0
670.7954716811391 968.0
670.8758452766149 952.0
670.9562085041582 1128.0
671.0365613618026 1288.0
671.1169038475815 1048.0
671.1972359595285 1016.0
671.277557695677 1096.0
671.3578690540608 904.0
671.4381700327133 968.0
671.518460629668 1048.0
671.5987408429583 872.0
671.6790106706179 1064.0
671.7592701106803 1128.0
671.8395191611792 952.0
671.9197578201478 856.0
671.9999860856198 1016.0
672.0802039556286 1112.0
672.1604114282079 840.0
672.2406085013912 888.0
672.3207951732122 1160.0
672.400971441704 1048.0
672.4811373049004 888.0
672.5612927608348 936.0
672.6414378075409 936.0
672.7215724430522 936.0
672.8016966654021 1000.0
672.8818104726242 904.0
672.9619138627521 968.0
673.0420068338193 984.0
673.1220893838592 1096.0
673.2021615109054 1000.0
673.2822232129915 968.0
673.362274488151 872.0
673.4423153344175 936.0
673.5223457498242 968.0
673.6023657324051 1000.0
673.6823752801932 792.0
673.7623743912227 888.0
673.8423630635265 1000.0
673.9223412951385 1144.0
674.0023090840921 1000.0
674.0822664284208 1080.0
674.1622133261583 1064.0
674.2421497753378 936.0
674.3220757739931 888.0
674.4019913201577 904.0
674.4818964118651 1128.0
674.5617910471489 1096.0
674.6416752240424 1096.0
674.7215489405793 1032.0
674.8014121947932 968.0
674.8812649847174 1064.0
674.9611073083857 856.0
675.0409391638315 1000.0
675.1207605490881 1096.0
675.2005714621895 1128.0
675.280371901169 1000.0
675.3601618640599 872.0
675.4399413488961 944.0
675.5197103537109 1064.0
675.599468876538 968.0
675.6792169154108 856.0
675.758954468363 712.0
675.8386815334277 872.0
675.9183981086388 888.0
675.9981041920298 904.0
676.0777997816342 920.0
676.1574848754856 936.0
676.2371594716172 984.0
676.3168235680629 968.0
676.3964771628561 904.0
676.4761202540303 872.0
676.5557528396191 952.0
676.6353749176559 872.0
676.7149864861743 1016.0
676.7945875432081 936.0
676.8741780867902 856.0
676.9537581149547 968.0
677.033327625735 1048.0
677.1128866171643 1000.0
677.1924350872766 968.0
677.2719730341053 936.0
677.3515004556835 760.0
677.4310173500454 904.0
677.510523715224 1000.0
677.5900195492533 1192.0
677.6695048501663 968.0
677.7489796159969 912.0
677.8284438447785 856.0
677.9078975345446 872.0
677.987340683329 872.0
678.0667732891649 952.0
678.1461953500859 1000.0
678.2256068641254 1096.0
678.3050078293174 1192.0
678.3843982436949 1144.0
678.4637781052918 1000.0
678.5431474121415 1064.0
678.6225061622774 968.0
678.7018543537332 936.0
678.7811919845424 1080.0
678.8605190527385 1064.0
678.9398355563551 872.0
679.0191414934255 904.0
679.0984368619835 904.0
679.1777216600625 1096.0
679.256995885696 968.0
679.3362595369177 984.0
679.415512611761 912.0
679.4947551082594 840.0
679.5739870244464 936.0
679.6532083583558 1000.0
679.7324191080206 1032.0
679.8116192714749 1048.0
679.8908088467518 952.0
679.9699878318852 1096.0
680.0491562249084 936.0
680.128314023855 960.0
680.2074612267585 984.0
680.2865978316524 904.0
680.3657238365702 904.0
680.4448392395456 952.0
680.523944038612 920.0
680.6030382318029 1048.0
680.6821218171519 1064.0
680.7611947926924 936.0
680.8402571564582 1112.0
680.9193089064826 984.0
680.9983500407992 840.0
681.0773805574415 920.0
681.1564004544432 904.0
681.2354097298376 936.0
681.3144083816583 840.0
681.3933964079388 792.0
681.4723738067127 840.0
681.5513405760136 984.0
681.6302967138747 952.0
681.7092422183299 968.0
681.7881770874126 792.0
681.8671013191563 856.0
681.9460149115946 776.0
682.024917862761 1000.0
682.1038101706888 808.0
682.182691833412 1064.0
682.2615628489636 1048.0
682.3404232153777 1000.0
682.4192729306874 792.0
682.4981119929264 888.0
682.5769404001279 856.0
682.655758150326 1000.0
682.7345652415539 1160.0
682.8133616718451 984.0
682.8921474392333 904.0
682.9709225417519 1000.0
683.0496869774345 824.0
683.1284407443144 840.0
683.2071838404254 984.0
683.285916263801 936.0
683.3646380124746 808.0
683.4433490844799 1000.0
683.5220494778503 872.0
683.6007391906194 872.0
683.6794182208207 792.0
683.7580865664877 984.0
683.8367442256539 960.0
683.9153911963529 936.0
683.9940274766183 920.0
684.0726530644833 824.0
684.151267957982 936.0
684.2298721551474 824.0
684.3084656540134 712.0
684.387048452613 840.0
684.4656205489804 840.0
684.5441819411487 808.0
684.6227326271517 968.0
684.7012726050226 1000.0
684.7798018727951 1032.0
684.8583204285029 1032.0
684.9368282701793 936.0
685.0153253958578 888.0
685.0938118035721 904.0
685.1722874913555 904.0
685.2507524572418 936.0
685.3292066992645 952.0
685.407650215457 840.0
685.4860830038527 856.0
685.5645050624855 872.0
685.6429163893887 968.0
685.7213169825958 792.0
685.7997068401404 888.0
685.878085960056 680.0
685.9564543403761 744.0
686.0348119791345 888.0
686.1131588743643 904.0
686.1914950240993 920.0
686.2698204263728 936.0
686.3481350792187 856.0
686.4264389806701 832.0
686.504732128761 808.0
686.5830145215247 744.0
686.6612861569945 552.0
686.7395470332042 776.0
686.8177971481873 952.0
686.8960364999773 936.0
686.9742650866077 888.0
687.0524829061121 808.0
687.130689956524 696.0
687.2088862358768 696.0
687.2870717422041 776.0
687.3652464735397 856.0
687.4434104279168 840.0
687.521563603369 904.0
687.5997059979298 1000.0
687.677837609633 808.0
687.7559584365117 1000.0
687.8340684765998 824.0
687.9121677279306 616.0
687.9902561885377 648.0
688.0683338564547 808.0
688.1464007297151 904.0
688.2244568063522 792.0
688.3025020844 792.0
688.3805365618915 776.0
688.4585602368606 800.0
688.5365731073407 872.0
688.6145751713655 840.0
688.6925664269681 776.0
688.7705468721824 712.0
688.8485165050419 808.0
688.92647532358 856.0
689.0044233258302 872.0
689.0823605098263 744.0
689.1602868736015 792.0
689.2382024151896 872.0
689.316107132624 808.0
689.3940010239381 744.0
689.4718840871658 1000.0
689.5497563203402 904.0
689.627617721495 712.0
689.7054682886638 808.0
689.7833080198801 840.0
689.8611369131775 936.0
689.9389549665893 840.0
690.0167621781493 808.0
690.0945585458908 648.0
690.1723440678473 808.0
690.2501187420528 840.0
690.3278825665402 776.0
690.4056355393434 712.0
690.4833776584959 664.0
690.5611089220313 832.0
690.6388293279828 1000.0
690.716538874384 1064.0
690.7942375592688 888.0
690.8719253806705 776.0
690.9496023366225 936.0
691.0272684251586 792.0
691.1049236443121 840.0
691.1825679921166 840.0
691.2602014666056 744.0
691.3378240658127 776.0
691.4154357877715 744.0
691.4930366305152 840.0
691.5706265920778 776.0
691.6482056704924 744.0
691.7257738637929 696.0
691.8033311700125 808.0
691.880877587185 840.0
691.9584131133437 944.0
692.0359377465222 856.0
692.1134514847541 680.0
692.190954326073 632.0
692.2684462685122 936.0
692.3459273101055 904.0
692.4233974488861 680.0
692.5008566828877 776.0
692.5783050101439 776.0
692.6557424286882 808.0
692.7331689365541 728.0
692.8105845317751 792.0
692.8879892123848 808.0
692.9653829764165 824.0
693.0427658219041 904.0
693.1201377468809 824.0
693.1974987493807 744.0
693.2748488274365 728.0
693.3521879790821 648.0
693.4295162023512 776.0
693.5068334952772 872.0
693.5841398558936 936.0
693.6614352822339 936.0
693.7387197723317 856.0
693.8159933242205 776.0
693.8932559359339 744.0
693.9705076055054 680.0
694.0477483309684 688.0
694.1249781103564 696.0
694.2021969417034 680.0
694.2794048230423 696.0
694.356601752407 648.0
694.4337877278309 760.0
694.5109627473477 840.0
694.5881268089906 920.0
694.6652799107935 872.0
694.7424220507897 808.0
694.8195532270128 856.0
694.8966734374964 744.0
694.9737826802736 824.0
695.0508809533787 792.0
695.1279682548447 936.0
695.2050445827051 904.0
695.2821099349937 920.0
695.3591643097437 744.0
695.4362077049891 808.0
695.5132401187631 744.0
695.5902615490992 616.0
695.6672719940309 744.0
695.744271451592 824.0
695.8212599198158 904.0
695.8982373967359 712.0
695.975203880386 616.0
696.0521593687993 728.0
696.1291038600094 840.0
696.2060373520501 824.0
696.2829598429546 784.0
696.3598713307567 744.0
696.4367718134897 728.0
696.5136612891872 824.0
696.5905397558829 776.0
696.6674072116101 792.0
696.7442636544025 776.0
696.8211090822936 760.0
696.8979434933167 616.0
696.9747668855056 744.0
697.0515792568938 792.0
697.1283806055147 856.0
697.2051709294019 832.0
697.281950226589 808.0
697.3587184951093 744.0
697.4354757329967 872.0
697.5122219382844 776.0
697.588957109006 872.0
697.6656812431951 728.0
697.7423943388852 840.0
697.8190963941099 824.0
697.8957874069026 744.0
697.9724673752969 776.0
698.0491362973264 872.0
698.1257941710244 872.0
698.2024409944247 696.0
698.2790767655607 720.0
698.3557014824659 616.0
698.4323151431739 664.0
698.5089177457182 792.0
698.5855092881322 664.0
698.6620897684497 728.0
698.7386591847041 792.0
698.8152175349289 872.0
698.8917648171575 712.0
698.9683010294237 648.0
699.0448261697609 792.0
699.1213402362027 824.0
699.1978432267824 856.0
699.2743351395338 824.0
699.3508159724903 760.0
699.4272857236854 752.0
699.5037443911527 744.0
699.5801919729258 744.0
699.656628467038 888.0
699.733053871523 808.0
699.8094681844144 840.0
699.8858714037456 840.0
699.96226352755 808.0
700.0386445538614 824.0
700.1150144807132 776.0
700.191373306139 808.0
700.2677210281722 744.0
700.3440576448464 752.0
700.4203831541952 760.0
700.496697554252 760.0
700.5730008430504 632.0
700.6492930186239 792.0
700.7255740790062 872.0
700.8018440222304 840.0
700.8781028463305 728.0
700.9543505493398 744.0
701.0305871292919 776.0
701.1068125842202 792.0
701.1830269121584 808.0
701.2592301111399 808.0
701.3354221791984 728.0
701.4116031143672 840.0
701.4877729146799 888.0
701.5639315781702 936.0
701.6400791028714 936.0
701.7162154868172 776.0
701.792340728041 792.0
701.8684548245765 808.0
701.9445577744569 824.0
702.0206495757161 792.0
702.0967302263874 776.0
702.1727997245046 744.0
702.2488580681008 728.0
702.3249052552098 840.0
702.4009412838652 808.0
702.4769661521004 680.0
702.5529798579489 616.0
702.6289823994443 632.0
702.7049737746202 720.0
702.78095398151 808.0
702.8569230181472 728.0
702.9328808825654 808.0
703.0088275727982 808.0
703.084763086879 776.0
703.1606874228413 744.0
703.2366005787188 744.0
703.312502552545 696.0
703.3883933423533 744.0
703.4642729461773 744.0
703.5401413620507 728.0
703.6159985880067 712.0
703.6918446220791 600.0
703.7676794623012 712.0
703.8435031067067 904.0
703.919315553329 808.0
703.9951168002019 696.0
704.0709068453586 776.0
704.1466856868328 600.0
704.222453322658 744.0
704.2982097508677 744.0
704.3739549694956 744.0
704.4496889765749 872.0
704.5254117701394 824.0
704.6011233482225 896.0
704.6768237088578 968.0
704.7525128500788 888.0
704.828190769919 776.0
704.9038574664121 712.0
704.9795129375913 632.0
705.0551571814905 840.0
705.1307901961429 872.0
705.2064119795823 744.0
705.2820225298419 808.0
705.3576218449556 696.0
705.4332099229568 776.0
705.5087867618789 776.0
705.5843523597556 792.0
705.6599067146204 904.0
705.7354498245066 904.0
705.8109816874481 904.0
705.8865023014781 744.0
705.9620116646304 712.0
706.0375097749384 760.0
706.1129966304355 632.0
706.1884722291554 664.0
706.2639365691317 904.0
706.3393896483977 904.0
706.4148314649871 744.0
706.4902620169335 728.0
706.56568130227 680.0
706.6410893190307 680.0
706.7164860652487 664.0
706.7918715389578 696.0
706.8672457381914 632.0
706.9426086609831 744.0
707.0179603053663 680.0
707.0933006693747 816.0
707.1686297510416 776.0
707.2439475484009 568.0
707.3192540594857 504.0
707.3945492823298 552.0
707.4698332149667 760.0
707.5451058554297 792.0
707.6203672017527 792.0
707.695617251969 744.0
707.7708560041121 760.0
707.8460834562159 776.0
707.9212996063133 728.0
707.9965044524382 672.0
708.0716979926243 616.0
708.1468802249047 648.0
708.2220511473133 712.0
708.2972107578835 776.0
708.3723590546487 600.0
708.4474960356425 648.0
708.5226216988985 744.0
708.5977360424504 840.0
708.6728390643314 712.0
708.7479307625752 680.0
708.8230111352152 760.0
708.898080180285 736.0
708.9731378958182 712.0
709.0481842798483 552.0
709.1232193304088 712.0
709.1982430455331 744.0
709.2732554232549 712.0
709.3482564616078 632.0
709.4232461586253 680.0
709.4982245123407 696.0
709.5731915207876 712.0
709.6481471819998 616.0
709.7230914940105 808.0
709.7980244548535 744.0
709.872946062562 712.0
709.9478563151699 584.0
710.0227552107106 696.0
710.0976427472175 600.0
710.1725189227242 712.0
710.2473837352643 744.0
710.3222371828712 808.0
710.3970792635785 744.0
710.4719099754199 680.0
710.5467293164286 616.0
710.6215372846382 664.0
710.6963338780824 712.0
710.7711190947948 712.0
710.8458929328086 680.0
710.9206553901575 776.0
710.9954064648753 760.0
711.070146154995 776.0
711.1448744585505 744.0
711.2195913735752 840.0
711.2942968981026 744.0
711.3689910301664 776.0
711.4436737678 712.0
711.5183451090368 776.0
711.5930050519106 776.0
711.6676535944548 776.0
711.7422907347029 680.0
711.8169164706885 680.0
711.891530800445 616.0
711.9661337220061 680.0
712.0407252334053 616.0
712.1153053326759 744.0
712.1898740178518 712.0
712.2644312869662 616.0
712.3389771380528 632.0
712.4135115691452 648.0
712.4880345782767 584.0
712.562546163481 744.0
712.6370463227915 712.0
712.711535054242 648.0
712.7860123558655 696.0
712.8604782256962 704.0
712.9349326617672 760.0
713.0093756621121 840.0
713.0838072247645 776.0
713.1582273477579 664.0
713.2326360291258 568.0
713.3070332669017 648.0
713.3814190591193 744.0
713.4557934038119 648.0
713.5301562990131 616.0
713.6045077427565 584.0
713.6788477330757 648.0
713.753176268004 808.0
713.8274933455751 776.0
713.9017989638226 872.0
713.9760931207796 808.0
714.0503758144802 744.0
714.1246470429576 840.0
714.1989068042454 840.0
714.2731550963771 648.0
714.3473919173863 568.0
714.4216172653065 856.0
714.4958311381712 840.0
714.5700335340139 600.0
714.6442244508683 600.0
714.7184038867675 648.0
714.7925718397457 712.0
714.866728307836 968.0
714.9408732890718 904.0
715.0150067814869 696.0
715.0891287831148 712.0
715.1632392919889 680.0
715.2373383061429 840.0
715.3114258236103 824.0
715.3855018424243 520.0
715.459566360619 584.0
715.5336193762274 744.0
715.6076608872834 712.0
715.6816908918203 808.0
715.7557093878718 840.0
715.8297163734712 760.0
715.9037118466524 712.0
715.9776958054485 888.0
716.0516682478934 728.0
716.1256291720204 536.0
716.199578575863 696.0
716.2735164574549 720.0
716.3474428148295 744.0
716.4213576460204 904.0
716.4952609490613 664.0
716.5691527219852 472.0
716.6430329628262 776.0
716.7169016696174 712.0
716.7907588403928 680.0
716.8646044731855 568.0
716.938438566029 568.0
717.0122611169573 648.0
717.0860721240035 712.0
717.1598715852014 760.0
717.2336594985843 816.0
717.3074358621859 672.0
717.3812006740396 744.0
717.454953932179 904.0
717.5286956346376 776.0
717.602425779449 840.0
717.6761443646467 632.0
717.7498513882641 712.0
717.823546848335 760.0
717.8972307428926 808.0
717.9709030699707 760.0
718.0445638276026 840.0
718.118213013822 792.0
718.1918506266626 696.0
718.2654766641574 664.0
718.3390911243404 632.0
718.4126940052449 712.0
718.4862853049046 728.0
718.559865021353 840.0
718.6334331526233 712.0
718.7069896967494 680.0
718.7805346517647 584.0
718.8540680157029 632.0
718.9275897865972 680.0
719.0010999624814 600.0
719.0745985413889 760.0
719.1480855213533 744.0
719.2215609004081 752.0
719.2950246765868 760.0
719.3684768479228 792.0
719.44191741245 760.0
719.5153463682016 744.0
719.5887637132113 664.0
719.6621694455125 680.0
719.735563563139 552.0
719.8089460641238 680.0
719.8823169465011 648.0
719.9556762083039 712.0
720.029023847566 632.0
720.1023598623208 592.0
720.1756842506018 552.0
720.2489970104427 648.0
720.3222981398769 680.0
720.3955876369379 712.0
720.4688654996594 680.0
720.5421317260747 696.0
720.6153863142175 712.0
720.6886292621214 776.0
720.7618605678197 856.0
720.8350802293461 800.0
720.908288244734 724.0
720.9814846120171 648.0
721.0546693292287 680.0
721.1278423944025 840.0
721.201003805572 776.0
721.2741535607707 712.0
721.3472916580322 672.0
721.4204180953899 632.0
721.4935328708774 600.0
721.5666359825284 688.0
721.6397274283761 776.0
721.7128072064542 664.0
721.7858753147963 704.0
721.8589317514358 744.0
721.9319765144062 584.0
722.0050096017412 664.0
722.0780310114742 696.0
722.1510407416388 904.0
722.2240387902684 808.0
722.2970251553968 664.0
722.3699998350572 744.0
722.4429628272834 616.0
722.5159141301087 744.0
722.5888537415669 696.0
722.6617816596912 744.0
722.7346978825155 744.0
722.807602408073 664.0
722.8804952343974 728.0
722.953376359522 824.0
723.0262457814808 728.0
723.0991034983069 664.0
723.171949508034 664.0
723.2447838086957 712.0
723.3176063983253 728.0
723.3904172749566 712.0
723.4632164366228 680.0
723.5360038813578 680.0
723.608779607195 680.0
723.6815436121676 592.0
723.7542958943097 728.0
723.8270364516544 760.0
723.8997652822354 808.0
723.9724823840863 760.0
724.0451877552405 712.0
724.1178813937314 568.0
724.1905632975928 488.0
724.2632334648581 744.0
724.3358918935609 712.0
724.4085385817345 704.0
724.4811735274128 696.0
724.5537967286291 712.0
724.626408183417 808.0
724.6990078898099 808.0
724.7715958458414 680.0
724.8441720495451 680.0
724.9167364989546 584.0
724.9892891921032 536.0
